Sample_Name	Channel	Global_metrics	Metric	value
GSM8461134	green	BISULFITE CONVERSION I	BS Conversion I-C1	5377
GSM8461134	green	BISULFITE CONVERSION I	BS Conversion I-C2	8792
GSM8461134	green	BISULFITE CONVERSION I	BS Conversion I-C3	201
GSM8461134	green	BISULFITE CONVERSION I	BS Conversion I-C4	305
GSM8461134	green	BISULFITE CONVERSION I	BS Conversion I-C5	190
GSM8461134	green	BISULFITE CONVERSION I	BS Conversion I-U1	141
GSM8461134	green	BISULFITE CONVERSION I	BS Conversion I-U2	834
GSM8461134	green	BISULFITE CONVERSION I	BS Conversion I-U3	156
GSM8461134	green	BISULFITE CONVERSION I	BS Conversion I-U4	276
GSM8461134	green	BISULFITE CONVERSION I	BS Conversion I-U5	305
GSM8461134	green	BISULFITE CONVERSION II	BS Conversion II-1	309
GSM8461134	green	BISULFITE CONVERSION II	BS Conversion II-2	254
GSM8461134	green	BISULFITE CONVERSION II	BS Conversion II-3	696
GSM8461134	green	BISULFITE CONVERSION II	BS Conversion II-4	393
GSM8461134	green	EXTENSION	Extension (A)	417
GSM8461134	green	EXTENSION	Extension (C)	19118
GSM8461134	green	EXTENSION	Extension (G)	16675
GSM8461134	green	EXTENSION	Extension (T)	325
GSM8461134	green	HYBRIDIZATION	Hyb (High)	18911
GSM8461134	green	HYBRIDIZATION	Hyb (Low)	5563
GSM8461134	green	HYBRIDIZATION	Hyb (Medium)	10981
GSM8461134	green	NON-POLYMORPHIC	NP (A)	404
GSM8461134	green	NON-POLYMORPHIC	NP (C)	4948
GSM8461134	green	NON-POLYMORPHIC	NP (G)	4950
GSM8461134	green	NON-POLYMORPHIC	NP (G) 1	312
GSM8461134	green	NON-POLYMORPHIC	NP (G) 2	313
GSM8461134	green	NON-POLYMORPHIC	NP (G) 3	219
GSM8461134	green	NON-POLYMORPHIC	NP (G) 4	316
GSM8461134	green	NON-POLYMORPHIC	NP (G) 5	194
GSM8461134	green	NON-POLYMORPHIC	NP (T)	416
GSM8461134	green	RESTORATION	Restore	17098
GSM8461134	green	SPECIFICITY I	GT Mismatch 1 (MM)	151
GSM8461134	green	SPECIFICITY I	GT Mismatch 1 (PM)	1787
GSM8461134	green	SPECIFICITY I	GT Mismatch 2 (MM)	190
GSM8461134	green	SPECIFICITY I	GT Mismatch 2 (PM)	5084
GSM8461134	green	SPECIFICITY I	GT Mismatch 3 (MM)	209
GSM8461134	green	SPECIFICITY I	GT Mismatch 3 (PM)	998
GSM8461134	green	SPECIFICITY I	GT Mismatch 4 (MM)	223
GSM8461134	green	SPECIFICITY I	GT Mismatch 4 (PM)	282
GSM8461134	green	SPECIFICITY I	GT Mismatch 5 (MM)	147
GSM8461134	green	SPECIFICITY I	GT Mismatch 5 (PM)	282
GSM8461134	green	SPECIFICITY I	GT Mismatch 6 (MM)	180
GSM8461134	green	SPECIFICITY I	GT Mismatch 6 (PM)	172
GSM8461134	green	SPECIFICITY II	Specificity 1	423
GSM8461134	green	SPECIFICITY II	Specificity 2	202
GSM8461134	green	SPECIFICITY II	Specificity 3	191
GSM8461134	green	STAINING	Biotin (Bkg)	186
GSM8461134	green	STAINING	Biotin (High)	20187
GSM8461134	green	STAINING	Biotin(5K)	NA
GSM8461134	green	STAINING	DNP (Bkg)	271
GSM8461134	green	STAINING	DNP (High)	178
GSM8461134	green	STAINING	DNP(20K)	NA
GSM8461134	green	TARGET REMOVAL	Target Removal 1	302
GSM8461134	green	TARGET REMOVAL	Target Removal 2	370
GSM8461134	red	BISULFITE CONVERSION I	BS Conversion I-C1	372
GSM8461134	red	BISULFITE CONVERSION I	BS Conversion I-C2	667
GSM8461134	red	BISULFITE CONVERSION I	BS Conversion I-C3	9541
GSM8461134	red	BISULFITE CONVERSION I	BS Conversion I-C4	7676
GSM8461134	red	BISULFITE CONVERSION I	BS Conversion I-C5	8501
GSM8461134	red	BISULFITE CONVERSION I	BS Conversion I-U1	312
GSM8461134	red	BISULFITE CONVERSION I	BS Conversion I-U2	324
GSM8461134	red	BISULFITE CONVERSION I	BS Conversion I-U3	645
GSM8461134	red	BISULFITE CONVERSION I	BS Conversion I-U4	605
GSM8461134	red	BISULFITE CONVERSION I	BS Conversion I-U5	944
GSM8461134	red	BISULFITE CONVERSION II	BS Conversion II-1	7754
GSM8461134	red	BISULFITE CONVERSION II	BS Conversion II-2	9979
GSM8461134	red	BISULFITE CONVERSION II	BS Conversion II-3	8089
GSM8461134	red	BISULFITE CONVERSION II	BS Conversion II-4	6319
GSM8461134	red	EXTENSION	Extension (A)	24428
GSM8461134	red	EXTENSION	Extension (C)	914
GSM8461134	red	EXTENSION	Extension (G)	767
GSM8461134	red	EXTENSION	Extension (T)	23537
GSM8461134	red	HYBRIDIZATION	Hyb (High)	1608
GSM8461134	red	HYBRIDIZATION	Hyb (Low)	342
GSM8461134	red	HYBRIDIZATION	Hyb (Medium)	507
GSM8461134	red	NON-POLYMORPHIC	NP (A)	8787
GSM8461134	red	NON-POLYMORPHIC	NP (C)	434
GSM8461134	red	NON-POLYMORPHIC	NP (G)	445
GSM8461134	red	NON-POLYMORPHIC	NP (G) 1	346
GSM8461134	red	NON-POLYMORPHIC	NP (G) 2	551
GSM8461134	red	NON-POLYMORPHIC	NP (G) 3	325
GSM8461134	red	NON-POLYMORPHIC	NP (G) 4	380
GSM8461134	red	NON-POLYMORPHIC	NP (G) 5	334
GSM8461134	red	NON-POLYMORPHIC	NP (T)	9969
GSM8461134	red	SPECIFICITY I	GT Mismatch 1 (MM)	242
GSM8461134	red	SPECIFICITY I	GT Mismatch 1 (PM)	344
GSM8461134	red	SPECIFICITY I	GT Mismatch 2 (MM)	318
GSM8461134	red	SPECIFICITY I	GT Mismatch 2 (PM)	532
GSM8461134	red	SPECIFICITY I	GT Mismatch 3 (MM)	166
GSM8461134	red	SPECIFICITY I	GT Mismatch 3 (PM)	251
GSM8461134	red	SPECIFICITY I	GT Mismatch 4 (MM)	1165
GSM8461134	red	SPECIFICITY I	GT Mismatch 4 (PM)	11515
GSM8461134	red	SPECIFICITY I	GT Mismatch 5 (MM)	269
GSM8461134	red	SPECIFICITY I	GT Mismatch 5 (PM)	6642
GSM8461134	red	SPECIFICITY I	GT Mismatch 6 (MM)	265
GSM8461134	red	SPECIFICITY I	GT Mismatch 6 (PM)	2877
GSM8461134	red	SPECIFICITY II	Specificity 1	13038
GSM8461134	red	SPECIFICITY II	Specificity 2	6543
GSM8461134	red	SPECIFICITY II	Specificity 3	5743
GSM8461134	red	STAINING	Biotin (Bkg)	461
GSM8461134	red	STAINING	Biotin (High)	331
GSM8461134	red	STAINING	Biotin(5K)	NA
GSM8461134	red	STAINING	DNP (Bkg)	495
GSM8461134	red	STAINING	DNP (High)	22298
GSM8461134	red	STAINING	DNP(20K)	NA
GSM8461134	red	TARGET REMOVAL	Target Removal 1	935
GSM8461134	red	TARGET REMOVAL	Target Removal 2	693
GSM8461135	green	BISULFITE CONVERSION I	BS Conversion I-C1	5403
GSM8461135	green	BISULFITE CONVERSION I	BS Conversion I-C2	10304
GSM8461135	green	BISULFITE CONVERSION I	BS Conversion I-C3	338
GSM8461135	green	BISULFITE CONVERSION I	BS Conversion I-C4	434
GSM8461135	green	BISULFITE CONVERSION I	BS Conversion I-C5	287
GSM8461135	green	BISULFITE CONVERSION I	BS Conversion I-U1	323
GSM8461135	green	BISULFITE CONVERSION I	BS Conversion I-U2	718
GSM8461135	green	BISULFITE CONVERSION I	BS Conversion I-U3	195
GSM8461135	green	BISULFITE CONVERSION I	BS Conversion I-U4	306
GSM8461135	green	BISULFITE CONVERSION I	BS Conversion I-U5	359
GSM8461135	green	BISULFITE CONVERSION II	BS Conversion II-1	818
GSM8461135	green	BISULFITE CONVERSION II	BS Conversion II-2	394
GSM8461135	green	BISULFITE CONVERSION II	BS Conversion II-3	1055
GSM8461135	green	BISULFITE CONVERSION II	BS Conversion II-4	738
GSM8461135	green	EXTENSION	Extension (A)	593
GSM8461135	green	EXTENSION	Extension (C)	22470
GSM8461135	green	EXTENSION	Extension (G)	19082
GSM8461135	green	EXTENSION	Extension (T)	472
GSM8461135	green	HYBRIDIZATION	Hyb (High)	20695
GSM8461135	green	HYBRIDIZATION	Hyb (Low)	6383
GSM8461135	green	HYBRIDIZATION	Hyb (Medium)	12664
GSM8461135	green	NON-POLYMORPHIC	NP (A)	521
GSM8461135	green	NON-POLYMORPHIC	NP (C)	7836
GSM8461135	green	NON-POLYMORPHIC	NP (G)	4635
GSM8461135	green	NON-POLYMORPHIC	NP (G) 1	545
GSM8461135	green	NON-POLYMORPHIC	NP (G) 2	512
GSM8461135	green	NON-POLYMORPHIC	NP (G) 3	404
GSM8461135	green	NON-POLYMORPHIC	NP (G) 4	307
GSM8461135	green	NON-POLYMORPHIC	NP (G) 5	345
GSM8461135	green	NON-POLYMORPHIC	NP (T)	644
GSM8461135	green	RESTORATION	Restore	19738
GSM8461135	green	SPECIFICITY I	GT Mismatch 1 (MM)	274
GSM8461135	green	SPECIFICITY I	GT Mismatch 1 (PM)	2457
GSM8461135	green	SPECIFICITY I	GT Mismatch 2 (MM)	373
GSM8461135	green	SPECIFICITY I	GT Mismatch 2 (PM)	5940
GSM8461135	green	SPECIFICITY I	GT Mismatch 3 (MM)	218
GSM8461135	green	SPECIFICITY I	GT Mismatch 3 (PM)	1332
GSM8461135	green	SPECIFICITY I	GT Mismatch 4 (MM)	236
GSM8461135	green	SPECIFICITY I	GT Mismatch 4 (PM)	529
GSM8461135	green	SPECIFICITY I	GT Mismatch 5 (MM)	237
GSM8461135	green	SPECIFICITY I	GT Mismatch 5 (PM)	351
GSM8461135	green	SPECIFICITY I	GT Mismatch 6 (MM)	306
GSM8461135	green	SPECIFICITY I	GT Mismatch 6 (PM)	180
GSM8461135	green	SPECIFICITY II	Specificity 1	514
GSM8461135	green	SPECIFICITY II	Specificity 2	427
GSM8461135	green	SPECIFICITY II	Specificity 3	442
GSM8461135	green	STAINING	Biotin (Bkg)	257
GSM8461135	green	STAINING	Biotin (High)	23243
GSM8461135	green	STAINING	Biotin(5K)	NA
GSM8461135	green	STAINING	DNP (Bkg)	355
GSM8461135	green	STAINING	DNP (High)	251
GSM8461135	green	STAINING	DNP(20K)	NA
GSM8461135	green	TARGET REMOVAL	Target Removal 1	418
GSM8461135	green	TARGET REMOVAL	Target Removal 2	490
GSM8461135	red	BISULFITE CONVERSION I	BS Conversion I-C1	384
GSM8461135	red	BISULFITE CONVERSION I	BS Conversion I-C2	1006
GSM8461135	red	BISULFITE CONVERSION I	BS Conversion I-C3	9694
GSM8461135	red	BISULFITE CONVERSION I	BS Conversion I-C4	9191
GSM8461135	red	BISULFITE CONVERSION I	BS Conversion I-C5	10201
GSM8461135	red	BISULFITE CONVERSION I	BS Conversion I-U1	378
GSM8461135	red	BISULFITE CONVERSION I	BS Conversion I-U2	437
GSM8461135	red	BISULFITE CONVERSION I	BS Conversion I-U3	561
GSM8461135	red	BISULFITE CONVERSION I	BS Conversion I-U4	823
GSM8461135	red	BISULFITE CONVERSION I	BS Conversion I-U5	1136
GSM8461135	red	BISULFITE CONVERSION II	BS Conversion II-1	7868
GSM8461135	red	BISULFITE CONVERSION II	BS Conversion II-2	8782
GSM8461135	red	BISULFITE CONVERSION II	BS Conversion II-3	8718
GSM8461135	red	BISULFITE CONVERSION II	BS Conversion II-4	7272
GSM8461135	red	EXTENSION	Extension (A)	26052
GSM8461135	red	EXTENSION	Extension (C)	932
GSM8461135	red	EXTENSION	Extension (G)	777
GSM8461135	red	EXTENSION	Extension (T)	25194
GSM8461135	red	HYBRIDIZATION	Hyb (High)	1752
GSM8461135	red	HYBRIDIZATION	Hyb (Low)	380
GSM8461135	red	HYBRIDIZATION	Hyb (Medium)	727
GSM8461135	red	NON-POLYMORPHIC	NP (A)	8694
GSM8461135	red	NON-POLYMORPHIC	NP (C)	669
GSM8461135	red	NON-POLYMORPHIC	NP (G)	509
GSM8461135	red	NON-POLYMORPHIC	NP (G) 1	538
GSM8461135	red	NON-POLYMORPHIC	NP (G) 2	775
GSM8461135	red	NON-POLYMORPHIC	NP (G) 3	581
GSM8461135	red	NON-POLYMORPHIC	NP (G) 4	373
GSM8461135	red	NON-POLYMORPHIC	NP (G) 5	484
GSM8461135	red	NON-POLYMORPHIC	NP (T)	11166
GSM8461135	red	SPECIFICITY I	GT Mismatch 1 (MM)	312
GSM8461135	red	SPECIFICITY I	GT Mismatch 1 (PM)	446
GSM8461135	red	SPECIFICITY I	GT Mismatch 2 (MM)	506
GSM8461135	red	SPECIFICITY I	GT Mismatch 2 (PM)	623
GSM8461135	red	SPECIFICITY I	GT Mismatch 3 (MM)	288
GSM8461135	red	SPECIFICITY I	GT Mismatch 3 (PM)	309
GSM8461135	red	SPECIFICITY I	GT Mismatch 4 (MM)	1167
GSM8461135	red	SPECIFICITY I	GT Mismatch 4 (PM)	12707
GSM8461135	red	SPECIFICITY I	GT Mismatch 5 (MM)	473
GSM8461135	red	SPECIFICITY I	GT Mismatch 5 (PM)	7060
GSM8461135	red	SPECIFICITY I	GT Mismatch 6 (MM)	394
GSM8461135	red	SPECIFICITY I	GT Mismatch 6 (PM)	2779
GSM8461135	red	SPECIFICITY II	Specificity 1	13374
GSM8461135	red	SPECIFICITY II	Specificity 2	8431
GSM8461135	red	SPECIFICITY II	Specificity 3	8546
GSM8461135	red	STAINING	Biotin (Bkg)	592
GSM8461135	red	STAINING	Biotin (High)	377
GSM8461135	red	STAINING	Biotin(5K)	NA
GSM8461135	red	STAINING	DNP (Bkg)	487
GSM8461135	red	STAINING	DNP (High)	23145
GSM8461135	red	STAINING	DNP(20K)	NA
GSM8461135	red	TARGET REMOVAL	Target Removal 1	1164
GSM8461135	red	TARGET REMOVAL	Target Removal 2	1043
GSM8461136	green	BISULFITE CONVERSION I	BS Conversion I-C1	3080
GSM8461136	green	BISULFITE CONVERSION I	BS Conversion I-C2	6505
GSM8461136	green	BISULFITE CONVERSION I	BS Conversion I-C3	285
GSM8461136	green	BISULFITE CONVERSION I	BS Conversion I-C4	326
GSM8461136	green	BISULFITE CONVERSION I	BS Conversion I-C5	279
GSM8461136	green	BISULFITE CONVERSION I	BS Conversion I-U1	273
GSM8461136	green	BISULFITE CONVERSION I	BS Conversion I-U2	406
GSM8461136	green	BISULFITE CONVERSION I	BS Conversion I-U3	190
GSM8461136	green	BISULFITE CONVERSION I	BS Conversion I-U4	232
GSM8461136	green	BISULFITE CONVERSION I	BS Conversion I-U5	417
GSM8461136	green	BISULFITE CONVERSION II	BS Conversion II-1	549
GSM8461136	green	BISULFITE CONVERSION II	BS Conversion II-2	287
GSM8461136	green	BISULFITE CONVERSION II	BS Conversion II-3	1071
GSM8461136	green	BISULFITE CONVERSION II	BS Conversion II-4	738
GSM8461136	green	EXTENSION	Extension (A)	588
GSM8461136	green	EXTENSION	Extension (C)	25476
GSM8461136	green	EXTENSION	Extension (G)	21947
GSM8461136	green	EXTENSION	Extension (T)	449
GSM8461136	green	HYBRIDIZATION	Hyb (High)	24564
GSM8461136	green	HYBRIDIZATION	Hyb (Low)	7519
GSM8461136	green	HYBRIDIZATION	Hyb (Medium)	14227
GSM8461136	green	NON-POLYMORPHIC	NP (A)	603
GSM8461136	green	NON-POLYMORPHIC	NP (C)	3947
GSM8461136	green	NON-POLYMORPHIC	NP (G)	2921
GSM8461136	green	NON-POLYMORPHIC	NP (G) 1	538
GSM8461136	green	NON-POLYMORPHIC	NP (G) 2	650
GSM8461136	green	NON-POLYMORPHIC	NP (G) 3	427
GSM8461136	green	NON-POLYMORPHIC	NP (G) 4	329
GSM8461136	green	NON-POLYMORPHIC	NP (G) 5	306
GSM8461136	green	NON-POLYMORPHIC	NP (T)	495
GSM8461136	green	RESTORATION	Restore	22905
GSM8461136	green	SPECIFICITY I	GT Mismatch 1 (MM)	202
GSM8461136	green	SPECIFICITY I	GT Mismatch 1 (PM)	1813
GSM8461136	green	SPECIFICITY I	GT Mismatch 2 (MM)	186
GSM8461136	green	SPECIFICITY I	GT Mismatch 2 (PM)	3585
GSM8461136	green	SPECIFICITY I	GT Mismatch 3 (MM)	271
GSM8461136	green	SPECIFICITY I	GT Mismatch 3 (PM)	1068
GSM8461136	green	SPECIFICITY I	GT Mismatch 4 (MM)	277
GSM8461136	green	SPECIFICITY I	GT Mismatch 4 (PM)	544
GSM8461136	green	SPECIFICITY I	GT Mismatch 5 (MM)	248
GSM8461136	green	SPECIFICITY I	GT Mismatch 5 (PM)	315
GSM8461136	green	SPECIFICITY I	GT Mismatch 6 (MM)	254
GSM8461136	green	SPECIFICITY I	GT Mismatch 6 (PM)	236
GSM8461136	green	SPECIFICITY II	Specificity 1	463
GSM8461136	green	SPECIFICITY II	Specificity 2	326
GSM8461136	green	SPECIFICITY II	Specificity 3	278
GSM8461136	green	STAINING	Biotin (Bkg)	250
GSM8461136	green	STAINING	Biotin (High)	25896
GSM8461136	green	STAINING	Biotin(5K)	NA
GSM8461136	green	STAINING	DNP (Bkg)	544
GSM8461136	green	STAINING	DNP (High)	260
GSM8461136	green	STAINING	DNP(20K)	NA
GSM8461136	green	TARGET REMOVAL	Target Removal 1	464
GSM8461136	green	TARGET REMOVAL	Target Removal 2	601
GSM8461136	red	BISULFITE CONVERSION I	BS Conversion I-C1	302
GSM8461136	red	BISULFITE CONVERSION I	BS Conversion I-C2	752
GSM8461136	red	BISULFITE CONVERSION I	BS Conversion I-C3	7360
GSM8461136	red	BISULFITE CONVERSION I	BS Conversion I-C4	7545
GSM8461136	red	BISULFITE CONVERSION I	BS Conversion I-C5	6989
GSM8461136	red	BISULFITE CONVERSION I	BS Conversion I-U1	371
GSM8461136	red	BISULFITE CONVERSION I	BS Conversion I-U2	475
GSM8461136	red	BISULFITE CONVERSION I	BS Conversion I-U3	532
GSM8461136	red	BISULFITE CONVERSION I	BS Conversion I-U4	1250
GSM8461136	red	BISULFITE CONVERSION I	BS Conversion I-U5	860
GSM8461136	red	BISULFITE CONVERSION II	BS Conversion II-1	6223
GSM8461136	red	BISULFITE CONVERSION II	BS Conversion II-2	3526
GSM8461136	red	BISULFITE CONVERSION II	BS Conversion II-3	8620
GSM8461136	red	BISULFITE CONVERSION II	BS Conversion II-4	8872
GSM8461136	red	EXTENSION	Extension (A)	31519
GSM8461136	red	EXTENSION	Extension (C)	1144
GSM8461136	red	EXTENSION	Extension (G)	1099
GSM8461136	red	EXTENSION	Extension (T)	30178
GSM8461136	red	HYBRIDIZATION	Hyb (High)	2451
GSM8461136	red	HYBRIDIZATION	Hyb (Low)	537
GSM8461136	red	HYBRIDIZATION	Hyb (Medium)	895
GSM8461136	red	NON-POLYMORPHIC	NP (A)	7970
GSM8461136	red	NON-POLYMORPHIC	NP (C)	579
GSM8461136	red	NON-POLYMORPHIC	NP (G)	531
GSM8461136	red	NON-POLYMORPHIC	NP (G) 1	587
GSM8461136	red	NON-POLYMORPHIC	NP (G) 2	1472
GSM8461136	red	NON-POLYMORPHIC	NP (G) 3	555
GSM8461136	red	NON-POLYMORPHIC	NP (G) 4	403
GSM8461136	red	NON-POLYMORPHIC	NP (G) 5	450
GSM8461136	red	NON-POLYMORPHIC	NP (T)	6869
GSM8461136	red	SPECIFICITY I	GT Mismatch 1 (MM)	339
GSM8461136	red	SPECIFICITY I	GT Mismatch 1 (PM)	397
GSM8461136	red	SPECIFICITY I	GT Mismatch 2 (MM)	302
GSM8461136	red	SPECIFICITY I	GT Mismatch 2 (PM)	531
GSM8461136	red	SPECIFICITY I	GT Mismatch 3 (MM)	283
GSM8461136	red	SPECIFICITY I	GT Mismatch 3 (PM)	357
GSM8461136	red	SPECIFICITY I	GT Mismatch 4 (MM)	1224
GSM8461136	red	SPECIFICITY I	GT Mismatch 4 (PM)	12294
GSM8461136	red	SPECIFICITY I	GT Mismatch 5 (MM)	320
GSM8461136	red	SPECIFICITY I	GT Mismatch 5 (PM)	4125
GSM8461136	red	SPECIFICITY I	GT Mismatch 6 (MM)	334
GSM8461136	red	SPECIFICITY I	GT Mismatch 6 (PM)	2544
GSM8461136	red	SPECIFICITY II	Specificity 1	13094
GSM8461136	red	SPECIFICITY II	Specificity 2	6258
GSM8461136	red	SPECIFICITY II	Specificity 3	2961
GSM8461136	red	STAINING	Biotin (Bkg)	838
GSM8461136	red	STAINING	Biotin (High)	407
GSM8461136	red	STAINING	Biotin(5K)	NA
GSM8461136	red	STAINING	DNP (Bkg)	830
GSM8461136	red	STAINING	DNP (High)	27838
GSM8461136	red	STAINING	DNP(20K)	NA
GSM8461136	red	TARGET REMOVAL	Target Removal 1	1393
GSM8461136	red	TARGET REMOVAL	Target Removal 2	1232
GSM8461137	green	BISULFITE CONVERSION I	BS Conversion I-C1	7278
GSM8461137	green	BISULFITE CONVERSION I	BS Conversion I-C2	11193
GSM8461137	green	BISULFITE CONVERSION I	BS Conversion I-C3	317
GSM8461137	green	BISULFITE CONVERSION I	BS Conversion I-C4	547
GSM8461137	green	BISULFITE CONVERSION I	BS Conversion I-C5	623
GSM8461137	green	BISULFITE CONVERSION I	BS Conversion I-U1	318
GSM8461137	green	BISULFITE CONVERSION I	BS Conversion I-U2	975
GSM8461137	green	BISULFITE CONVERSION I	BS Conversion I-U3	361
GSM8461137	green	BISULFITE CONVERSION I	BS Conversion I-U4	321
GSM8461137	green	BISULFITE CONVERSION I	BS Conversion I-U5	462
GSM8461137	green	BISULFITE CONVERSION II	BS Conversion II-1	796
GSM8461137	green	BISULFITE CONVERSION II	BS Conversion II-2	559
GSM8461137	green	BISULFITE CONVERSION II	BS Conversion II-3	1520
GSM8461137	green	BISULFITE CONVERSION II	BS Conversion II-4	642
GSM8461137	green	EXTENSION	Extension (A)	477
GSM8461137	green	EXTENSION	Extension (C)	20424
GSM8461137	green	EXTENSION	Extension (G)	17286
GSM8461137	green	EXTENSION	Extension (T)	471
GSM8461137	green	HYBRIDIZATION	Hyb (High)	18857
GSM8461137	green	HYBRIDIZATION	Hyb (Low)	6053
GSM8461137	green	HYBRIDIZATION	Hyb (Medium)	11290
GSM8461137	green	NON-POLYMORPHIC	NP (A)	854
GSM8461137	green	NON-POLYMORPHIC	NP (C)	9198
GSM8461137	green	NON-POLYMORPHIC	NP (G)	6045
GSM8461137	green	NON-POLYMORPHIC	NP (G) 1	567
GSM8461137	green	NON-POLYMORPHIC	NP (G) 2	513
GSM8461137	green	NON-POLYMORPHIC	NP (G) 3	524
GSM8461137	green	NON-POLYMORPHIC	NP (G) 4	441
GSM8461137	green	NON-POLYMORPHIC	NP (G) 5	375
GSM8461137	green	NON-POLYMORPHIC	NP (T)	757
GSM8461137	green	RESTORATION	Restore	18076
GSM8461137	green	SPECIFICITY I	GT Mismatch 1 (MM)	240
GSM8461137	green	SPECIFICITY I	GT Mismatch 1 (PM)	3721
GSM8461137	green	SPECIFICITY I	GT Mismatch 2 (MM)	343
GSM8461137	green	SPECIFICITY I	GT Mismatch 2 (PM)	5659
GSM8461137	green	SPECIFICITY I	GT Mismatch 3 (MM)	426
GSM8461137	green	SPECIFICITY I	GT Mismatch 3 (PM)	2491
GSM8461137	green	SPECIFICITY I	GT Mismatch 4 (MM)	321
GSM8461137	green	SPECIFICITY I	GT Mismatch 4 (PM)	467
GSM8461137	green	SPECIFICITY I	GT Mismatch 5 (MM)	221
GSM8461137	green	SPECIFICITY I	GT Mismatch 5 (PM)	458
GSM8461137	green	SPECIFICITY I	GT Mismatch 6 (MM)	332
GSM8461137	green	SPECIFICITY I	GT Mismatch 6 (PM)	260
GSM8461137	green	SPECIFICITY II	Specificity 1	420
GSM8461137	green	SPECIFICITY II	Specificity 2	486
GSM8461137	green	SPECIFICITY II	Specificity 3	460
GSM8461137	green	STAINING	Biotin (Bkg)	285
GSM8461137	green	STAINING	Biotin (High)	20687
GSM8461137	green	STAINING	Biotin(5K)	NA
GSM8461137	green	STAINING	DNP (Bkg)	454
GSM8461137	green	STAINING	DNP (High)	346
GSM8461137	green	STAINING	DNP(20K)	NA
GSM8461137	green	TARGET REMOVAL	Target Removal 1	404
GSM8461137	green	TARGET REMOVAL	Target Removal 2	529
GSM8461137	red	BISULFITE CONVERSION I	BS Conversion I-C1	560
GSM8461137	red	BISULFITE CONVERSION I	BS Conversion I-C2	1196
GSM8461137	red	BISULFITE CONVERSION I	BS Conversion I-C3	12707
GSM8461137	red	BISULFITE CONVERSION I	BS Conversion I-C4	9272
GSM8461137	red	BISULFITE CONVERSION I	BS Conversion I-C5	12117
GSM8461137	red	BISULFITE CONVERSION I	BS Conversion I-U1	367
GSM8461137	red	BISULFITE CONVERSION I	BS Conversion I-U2	632
GSM8461137	red	BISULFITE CONVERSION I	BS Conversion I-U3	1097
GSM8461137	red	BISULFITE CONVERSION I	BS Conversion I-U4	777
GSM8461137	red	BISULFITE CONVERSION I	BS Conversion I-U5	1940
GSM8461137	red	BISULFITE CONVERSION II	BS Conversion II-1	9123
GSM8461137	red	BISULFITE CONVERSION II	BS Conversion II-2	9336
GSM8461137	red	BISULFITE CONVERSION II	BS Conversion II-3	10577
GSM8461137	red	BISULFITE CONVERSION II	BS Conversion II-4	6542
GSM8461137	red	EXTENSION	Extension (A)	24614
GSM8461137	red	EXTENSION	Extension (C)	903
GSM8461137	red	EXTENSION	Extension (G)	789
GSM8461137	red	EXTENSION	Extension (T)	22968
GSM8461137	red	HYBRIDIZATION	Hyb (High)	1632
GSM8461137	red	HYBRIDIZATION	Hyb (Low)	414
GSM8461137	red	HYBRIDIZATION	Hyb (Medium)	628
GSM8461137	red	NON-POLYMORPHIC	NP (A)	11173
GSM8461137	red	NON-POLYMORPHIC	NP (C)	901
GSM8461137	red	NON-POLYMORPHIC	NP (G)	560
GSM8461137	red	NON-POLYMORPHIC	NP (G) 1	563
GSM8461137	red	NON-POLYMORPHIC	NP (G) 2	987
GSM8461137	red	NON-POLYMORPHIC	NP (G) 3	458
GSM8461137	red	NON-POLYMORPHIC	NP (G) 4	402
GSM8461137	red	NON-POLYMORPHIC	NP (G) 5	462
GSM8461137	red	NON-POLYMORPHIC	NP (T)	11969
GSM8461137	red	SPECIFICITY I	GT Mismatch 1 (MM)	298
GSM8461137	red	SPECIFICITY I	GT Mismatch 1 (PM)	551
GSM8461137	red	SPECIFICITY I	GT Mismatch 2 (MM)	416
GSM8461137	red	SPECIFICITY I	GT Mismatch 2 (PM)	625
GSM8461137	red	SPECIFICITY I	GT Mismatch 3 (MM)	259
GSM8461137	red	SPECIFICITY I	GT Mismatch 3 (PM)	398
GSM8461137	red	SPECIFICITY I	GT Mismatch 4 (MM)	1323
GSM8461137	red	SPECIFICITY I	GT Mismatch 4 (PM)	12143
GSM8461137	red	SPECIFICITY I	GT Mismatch 5 (MM)	493
GSM8461137	red	SPECIFICITY I	GT Mismatch 5 (PM)	8376
GSM8461137	red	SPECIFICITY I	GT Mismatch 6 (MM)	389
GSM8461137	red	SPECIFICITY I	GT Mismatch 6 (PM)	4720
GSM8461137	red	SPECIFICITY II	Specificity 1	12459
GSM8461137	red	SPECIFICITY II	Specificity 2	9503
GSM8461137	red	SPECIFICITY II	Specificity 3	9771
GSM8461137	red	STAINING	Biotin (Bkg)	556
GSM8461137	red	STAINING	Biotin (High)	358
GSM8461137	red	STAINING	Biotin(5K)	NA
GSM8461137	red	STAINING	DNP (Bkg)	598
GSM8461137	red	STAINING	DNP (High)	20982
GSM8461137	red	STAINING	DNP(20K)	NA
GSM8461137	red	TARGET REMOVAL	Target Removal 1	959
GSM8461137	red	TARGET REMOVAL	Target Removal 2	918
