Sample	DetectionRate	Log2MethIntensity	Log2UnmethIntensity	Restoration	Staining_Green	Staining_Red	Extension_Green	Extension_Red	Hybridization_High/Medium	Hybridization_Medium/Low	Target_Removal_1	Target_Removal_2	Bisulfite_Conversion_I_Green	Bisulfite_Conversion_I_Green_(Bkg)	Bisulfite_Conversion_I_Red	Bisulfite_Conversion_I_Red_(Bkg)	Bisulfite_Conversion_II	Bisulfite_Conversion_II_(Bkg)	Specificity_I_Green	Specificity_I_Red	Specificity_II	Specificity_II_(Bkg)	Non-polymorphic_Green	Non-polymorphic_Red
GSM8461134_207716530108_R01C01	0.9989	10.88	10.726	5.00380450687738	108.532258064516	45.0464646464646	39.9880095923261	25.7516411378556	1.72215645205355	1.97393492719756	11.3145695364238	9.23513513513513	6.44724220623501	4.09712230215827	8.13135593220339	4.14618644067797	9.07902298850575	4.90948275862069	4.77511961722488	2.46952789699571	13.5768321513002	8.07801418439716	11.8942307692308	19.7460674157303
GSM8461135_207716530108_R02C01	0.9991	10.698	11.372	5.49345950459226	90.4396887159533	47.5256673511294	32.1787521079258	27.0321888412017	1.63415982312066	1.98402005326649	8.59569377990431	7.33265306122449	7.52506963788301	5.0041782729805	8.09066901408451	3.4612676056338	6.89289099526066	3.40568720379147	3.57104557640751	2.38131962296487	16.4027237354086	6.99027237354086	7.1972049689441	12.9955156950673
GSM8461136_207716530108_R03C01	0.9975	11.021	10.244	6.38377926421405	103.584	33.5397590361446	37.3248299319728	26.3793706293706	1.72657622829831	1.89213991222237	7.73275862068965	5.97004991680532	7.58620689655172	8.83743842364532	5.5912	3.3152	3.2922502334267	3.35014005602241	3.9409594095941	2.07843137254902	6.39524838012959	7.74946004319654	4.8441127694859	11.8635578583765
GSM8461137_207716530108_R04C01	0.9996	11.725	11.483	5.19873454127121	72.5859649122807	35.0869565217391	36.2389937106918	25.4352159468439	1.67023914968999	1.86519081447216	8.60643564356436	6.57277882797732	7.46461538461538	3.56615384615385	4.77938144329897	2.01185567010309	4.30394736842105	2.2875	5.84741784037559	3.567649281935	19.5534979423868	7.15432098765432	7.07845433255269	12.4006659267481
GSM8461138_207716530108_R05C01	0.9998	12.216	11.806	4.39430326724379	87.6172839506173	45.8217391304348	29.5077452667814	28.8969072164948	1.69224591772999	1.97410604192355	10.3198847262248	8.32790697674419	10.083885209713	3.95253863134658	4.89881796690307	1.78534278959811	4.29693251533742	2.19693251533742	11.0724233983287	4.59753593429158	16.9450726978998	5.78513731825525	8.45766871165644	13.1271102284012
GSM8461139_207716530108_R06C01	0.9993	11.717	11.456	5.56582243250765	93.6450381679389	36.9197431781701	36.7284991568297	31.0047562425684	1.75857734398107	1.92869366799772	8.59569377990431	7.28803245436105	6.72508591065292	3.08676975945017	5.79455298993487	2.27412670219065	5.66195085629188	2.67535368577811	4.71859296482412	3.1385911179173	10.6517006802721	4.88843537414966	6.7632183908046	14.5544041450777
GSM8461140_207716530108_R07C01	0.9997	12.131	11.442	5.0627888013047	75.3353846153846	41.5714285714286	31.2459499263623	27.6568109820486	1.65837999253453	2.00493938033229	7.76160337552743	7.11605415860735	8.84037558685446	3.45446009389671	5.21391386654046	1.8679602460956	4.84	2.07267605633803	8.00737100737101	5.11389521640091	14.0738060781476	5.32416787264834	7.59157509157509	12.991395793499
GSM8461141_207716530108_R08C01	0.9995	11.793	11.401	5.06638655462185	88.3714285714286	50.8530020703934	35.4964912280702	32.6830530401035	1.98448100407056	2.05149617258177	10.1133144475921	9.70108695652174	11.4792207792208	4.63636363636364	11.7480577136515	4.18756936736959	5.71816770186335	2.77173913043478	7.12146892655367	5.67770700636943	18.4556451612903	7.19758064516129	11.5354558610709	16.0628272251309
GSM8461142_207716530127_R01C01	0.9989	11.077	10.7	5.71758335708179	98.0877192982456	41.929203539823	37.3163064833006	27.1036324786325	1.74122059324923	1.97641509433962	9.74722222222222	7.79777777777778	10.9550561797753	6.57116104868914	8.81705948372615	4.41750841750842	7.33948339483395	4.31611316113161	4.47761194029851	4.29338327091136	17.2431077694236	8.79448621553885	9.63760683760684	15.6539682539683
GSM8461143_207716530127_R02C01	0.9992	11.324	11.176	5.49763165227083	83.3428571428571	46.1558185404339	31.9779286926995	28.1571100917431	1.66902237926973	1.91849954805664	8.56563245823389	7.65245202558635	7.33675564681725	3.68480492813142	7.27417998317914	3.2565180824222	5.46425419240953	3.16769638128861	3.75566750629723	2.50446735395189	13.9982788296041	6.17728055077453	8.45562913907285	13.4993252361673
GSM8461144_207716530127_R03C01	0.9982	10.917	10.974	6.32992189604094	77.1495844875346	36.4941860465116	32.3225806451613	25.560861423221	1.71619662625198	2.07975880498835	7.68737060041408	5.13554633471646	7.88036410923277	4.82834850455137	6.25481665630827	2.52827843380982	5.54884547069272	3.29751332149201	3.19121447028424	2.67356687898089	8.77625570776256	5.65144596651446	6.74197689345315	10.7774869109948
GSM8461145_207716530127_R04C01	0.9958	10.161	10.271	6.75536959553696	104.928853754941	30.5400696864112	40.8205128205128	27.2584053794428	1.7646494414365	1.98382053025153	7.40702479338843	5.43181818181818	4.75983436853002	7.42236024844721	9.26966292134832	7.56741573033708	4.23111612175874	4.04171364148816	3.23111111111111	1.94267515923567	9.79493670886076	9.07594936708861	5.04319654427646	10.7063655030801
GSM8461146_207716530127_R05C01	0.9996	11.245	11.569	6.37668408028595	97.1035714285714	43.530534351145	35.0941915227629	26.6183628318584	1.68340995132504	2.04705231109881	7.51446280991736	6.11260504201681	9.06892230576441	4.55764411027569	4.32490013315579	2.59920106524634	4.28912875867386	2.8041634541249	4.77615571776156	4.02766393442623	11.8697674418605	5.63875968992248	8.31766200762389	12.3188405797101
GSM8461147_207716530127_R06C01	0.9996	11.468	11.208	6.02682522123894	82.1472392638037	42.4954462659381	34.2922077922078	28.8917995444191	1.75583560074467	1.99628359062321	7.02135922330097	5.4050822122571	9.95454545454546	4.56565656565657	5.9873079492318	2.59051436205745	4.0719696969697	2.28282828282828	4.85117493472585	3.02838063439065	13.6546052631579	5.94736842105263	8.80958904109589	11.3630214205186
GSM8461148_207716530127_R07C01	0.9994	11.333	10.983	6.63329646017699	89.5068493150685	46.339552238806	35.5730519480519	26.2596899224806	1.71748095337946	2.11017699115044	7.50207468879668	6.12881355932203	8.23687580025608	4.62996158770807	6.83630136986301	2.76164383561644	5.95818505338078	3.21708185053381	4.46582278481013	2.56149425287356	13.0749235474006	5.52905198776758	8.59506172839506	13.6322147651007
GSM8461149_207716530127_R08C01	0.9937	9.796	9.662	6.05727246952084	159.715976331361	40.8250773993808	42.2789373814042	26.0639032815199	1.71965478841871	2.3103392828429	12.2465277777778	8.92911392405063	8.97569444444444	12.2465277777778	11.4932614555256	11.2075471698113	3.6589928057554	5.07482014388489	1.92462311557789	2.11969111969112	8.88721804511278	13.2593984962406	6.06567164179104	13.2714285714286
GSM8461150_208066090025_R01C01	0.9995	11.683	10.832	3.44993819530284	132.801886792453	77.3229571984436	49.8898305084746	31.1567732115677	1.71835697083222	1.87647501883003	17.9777777777778	17.3978494623656	12.9809069212411	7.72315035799523	4.85213414634146	1.85823170731707	7.41809045226131	3.25226130653266	13.2155688622754	4.33827893175074	25.981072555205	10.2082018927445	12.0269709543568	20.8060498220641
GSM8461151_208066090025_R02C01	0.9997	11.463	11.566	3.53645032297755	112.757575757576	121.597315436242	46.9322709163347	32.6807760141093	1.69365671641791	1.89087488240828	20.7070063694268	14.4488888888889	8.89442815249267	4.76686217008798	4.4066918001885	1.68096135721018	5.90448343079922	3.16861598440546	15.68	4.74273858921162	24.4567164179104	9.7044776119403	12.0095602294455	22.531914893617
GSM8461152_208066090025_R03C01	0.9993	11.05	11.118	4.37714802532409	129.013605442177	81.6585365853659	47.0946372239748	30.8149779735683	1.68884408602151	2.0139211136891	15.5727699530516	12.5169811320755	7.51554828150573	5.42880523731588	6.82881355932203	3.11949152542373	8.6195652173913	4.006038647343	9.36879432624113	3.19323241317898	22.0990415335463	10.5974440894569	9.61389961389961	15.5461121157324
GSM8461153_208066090025_R04C01	0.9993	11.468	10.57	4.35619735258724	116.969696969697	58.6754617414248	47.1820987654321	28.8220230473752	1.68745749538521	2.00721528861154	14.9058295964126	11.3447098976109	9.77457627118644	5.63389830508475	6.11557788944724	2.71428571428571	6.43226473629783	3.43743536711479	12.0949367088608	4.17438921651222	16.3409090909091	10.7922077922078	6.81399317406143	15.0992366412214
GSM8461154_208066090025_R05C01	0.9996	11.598	11.344	4.32759141734663	135.436507936508	95.5606060606061	44.6860841423948	30.8765432098765	1.68407339051135	1.88402536305993	16.8826530612245	12.875486381323	11.5555555555556	5.17840375586854	4.75727676369018	1.79970399605328	5.81995884773663	3.40432098765432	10.7246963562753	3.94452554744526	28.5107033639144	10.1192660550459	13.1390593047035	16.1815235008104
GSM8461155_208066090025_R06C01	0.9994	11.717	11.313	4.10886610373945	109.267857142857	86.3829787234042	47.0221518987342	32.7238239757208	1.67005582137161	2.0201369311317	16.6633165829146	13.264	10.255391600454	3.7639046538025	3.73006351446718	1.29110797459421	6.44336569579288	2.68284789644013	6.92513368983957	3.5286317058469	17.9854721549637	8.02905569007264	9.99120234604105	23.9102040816327
GSM8461156_208066090025_R07C01	0.9988	11.415	11.271	4.44671269888922	113.086206896552	69.6233333333333	48.2356495468278	32.2976022566996	1.70343770947046	2.04363992172211	14.8044444444444	13.0627450980392	5.85979381443299	3.4340206185567	4.21210579857579	1.88657171922686	8.55355249204666	3.53234358430541	10.4416058394161	3.7487091222031	17.75	9.25277777777778	9.3515625	16.5336617405583
GSM8461157_208066090025_R08C01	0.9988	11.57	10.419	4.91050583657588	111.166666666667	63.7579250720461	46.6510263929619	24.515	1.73654501216545	2.44003799572548	20.1265060240964	18.1576086956522	14.4509803921569	6.55098039215686	6.45911949685535	2.79524807826695	8.39353400222965	3.72463768115942	5.76168224299065	4.00100502512563	23.7237237237237	10.033033033033	15.0703883495146	17.1801652892562
GSM8461158_208066090026_R01C01	0.9993	11.461	11.172	3.29916640938561	94.4149659863946	97.7100591715976	45.2928870292887	34.869918699187	1.67533692722372	1.93279499869758	17.4139784946237	16.6102564102564	8.90684133915575	4.71470160116448	3.56862745098039	1.59233926128591	5.18825910931174	3.27834008097166	10.6417910447761	4.78310104529617	25.4793103448276	11.1689655172414	10.3153153153153	15.5458937198068
GSM8461159_208066090026_R02C01	0.9993	11.267	11.056	3.77999386314821	127.196850393701	85.6571428571429	49.7567567567568	27.7534246575342	1.65184430866712	2.05774155995343	17.6162162162162	12.6809338521401	14.0782828282828	8.22979797979798	7.4	3.657	8.51743375174338	4.54532775453278	11.8520710059172	4.44042056074766	26.1509433962264	12.2981132075472	11.4394618834081	11.1510204081633
GSM8461160_208066090026_R03C01	0.9994	11.033	11.407	4.13397706698853	112.109195402299	65.0680272108844	47.9267515923567	32.9552495697074	1.67901466716811	2.10322325489421	13.9831223628692	11.2338983050847	8.14746543778802	5.09062980030722	4.7379949452401	3.01684919966302	5.4009942004971	2.74565037282519	5.71497584541063	3.49511400651466	10.2055084745763	7.02118644067797	8.26608695652174	14.4229508196721
GSM8461161_208066090026_R04C01	0.9994	11.319	11.591	4.18375299760192	109.905325443787	55.3343558282209	44.2380952380952	30.8404605263158	1.66577460600654	1.99229857819905	16.2731707317073	11.009900990099	10.0815752461322	4.69198312236287	4.54452239611441	1.94711279007016	5.03900414937759	2.76846473029046	9.41592920353982	3.83574879227053	16.0591259640103	8.57583547557841	10.1191275167785	18.3170254403131
GSM8461162_208066090026_R05C01	0.9993	11.505	10.421	4.14138972809668	111.964071856287	55.0131926121372	49.1967741935484	27.6824966078697	1.64936290703162	1.99641982287545	15.3240740740741	12.9803921568627	16.1538461538462	8.21339950372208	5.62894375857339	2.56310013717421	7.95295295295295	3.31331331331331	11.5235294117647	3.62788550323176	11.8722741433022	10.3115264797508	8.41588785046729	19.6593625498008
GSM8461163_208066090026_R06C01	0.9996	11.887	11.293	4.55852340936375	103.956043956044	75.9357429718875	49.789156626506	29.4887323943662	1.67313071042327	2.04499523355577	13.3815261044177	10.6114649681529	6.99643493761141	2.96969696969697	4.73246492985972	1.85871743486974	6.26584867075665	3.40695296523517	9.17857142857143	3.97370806890299	24.3175853018373	8.74540682414698	9.2301013024602	14.4311774461028
GSM8461164_208066090026_R07C01	0.9995	11.613	11.281	4.75598227474151	108.255208333333	58.5657142857143	43.974025974026	28.2813738441215	1.72941921476389	2.00362515860069	14.5905172413793	10.7802547770701	8.67276641550054	3.64370290635091	6.06175920149719	2.34373050530256	5.47242206235012	2.70583533173461	7.11111111111111	3.03655172413793	16.2253829321663	7.40700218818381	9.39124087591241	15.2435703479576
GSM8461165_208066090026_R08C01	0.9994	11.714	11.264	4.54239256678281	101.961722488038	56.8051948051948	35.8265765765766	28.2926525529265	1.84355057048927	1.99884035562428	14.9090909090909	12.2562277580071	11.7140902872777	4.71135430916553	5.15799803729146	1.86604514229637	5.76723498888065	2.55300222386953	8.31226765799257	4.85099052540913	19.3605769230769	8.27884615384615	9.40960451977401	17.3048433048433
GSM8461166_208066090043_R01C01	0.9992	11.459	10.652	3.22177914110429	93.0805369127517	82.3886255924171	43.2346153846154	31.6503496503496	1.68286513114099	1.95649908830425	23.4532374100719	16.2189054726368	5.48796296296296	3.01851851851852	4.77441860465116	2.07674418604651	7.41970802919708	3.96593673965937	7.59649122807018	3.59485530546624	25.1503496503496	11.3986013986014	14.1305483028721	21.3264840182648
GSM8461167_208066090043_R02C01	0.9998	11.274	11.407	3.5771235817234	106.26618705036	105.716049382716	46.3869731800766	32.281954887218	1.6872852233677	2.0125512295082	19.5269461077844	12.6395348837209	12.1538461538462	5.57435897435897	3.42193486590038	1.69157088122605	5.08766564729867	3.32415902140673	12.0833333333333	4.3494917904613	23.3226744186047	9.4796511627907	10.965844402277	16.4225806451613
GSM8461168_208066090043_R03C01	0.9996	11.772	11.166	3.90489213005166	91.1785714285714	113.590909090909	42.3642611683849	34.867816091954	1.69962423673086	2.01848779331595	21.0961538461538	12.7558139534884	12.464347826087	5.72347826086957	3.82950367647059	1.61856617647059	5.06299212598425	2.87926509186352	15.3157894736842	4.78175895765472	25.7650793650794	10.447619047619	11.2254733218589	20.9685658153242
GSM8461169_208066090043_R04C01	0.9997	11.669	11.394	4.04022646007151	96.6914285714286	91.4226804123711	38.1797752808989	30.6414790996785	1.61701907131012	2.05538985939497	14.2808510638298	11.9857142857143	9.06872037914692	3.97630331753555	3.85528523489933	1.51929530201342	4.85872138910813	2.64877663772691	9.356	4.01098146877145	22.3689839572192	8.97326203208556	9.28730822873082	18.717206132879
GSM8461170_208066090043_R05C01	0.9997	11.4	11.648	4.40470446320869	111.994011976048	79.9956896551724	49.0949367088608	36.9611650485437	1.71566918458261	1.93081525804039	15.4953271028037	10.9078947368421	9.21501706484642	3.77246871444824	3.90246406570842	1.80441478439425	5.11370967741935	2.6741935483871	8.50684931506849	3.59179104477612	20.9064935064935	8.61298701298701	11.1750788643533	16.104
GSM8461171_208066090043_R06C01	0.9992	11.64	10.88	4.44618568894145	101.21164021164	65.6687898089172	43.0392670157068	35.2747440273038	1.68297775760327	2.06428035982009	19.1073446327684	10.8397435897436	8.94781553398058	4.10436893203883	6.28038067349927	2.62518301610542	7.48987463837994	3.26133076181292	9.49489795918367	3.68367346938776	15.4748358862144	7.40043763676149	9.36084142394822	20.0252427184466
GSM8461172_208066090043_R07C01	0.9996	11.524	11.527	4.3417537746806	119.493975903614	69.9343065693431	37.6261261261261	36.3690036900369	1.67763986328476	2.19506416584403	15.9444444444444	11.916955017301	10.6233243967828	4.61662198391421	4.38677536231884	1.60416666666667	5.96080066722269	2.87239366138449	7.36666666666667	3.22188995215311	15.9875776397516	7.1304347826087	10.9654135338346	17.5913461538462
GSM8461173_208066090043_R08C01	0.998	10.483	10.329	4.5	154.269503546099	93.7587719298246	44.6468926553672	39.1347905282332	2.07804202262757	2.15687250996016	20.3272727272727	18.6333333333333	10.5946502057613	6.90123456790123	9.71868583162218	7.28747433264887	6.37068965517241	5.78275862068966	5.48351648351648	6.29903536977492	15.9030837004405	14.7753303964758	9.74468085106383	20.216577540107
GSM8461174_208066090053_R01C01	0.9991	11.171	11.306	3.6579594345421	103.347305389222	103.259668508287	52.1771653543307	30.9312080536913	1.72742705570292	1.92858604460814	15.9509803921569	13.5020746887967	10.4364723467862	4.86397608370703	6.40811965811966	2.56125356125356	6.24903225806452	4.19870967741935	17.1833333333333	4.50951847704367	33.4633204633205	12.5637065637066	15.8715365239295	14.9747048903879
GSM8461175_208066090053_R02C01	0.9987	10.852	10.541	4.15132178669098	137.244444444444	102.155963302752	49.46735395189	30.091922005571	1.74945284993815	1.94072022160665	15.0963302752294	12.0992647058824	10.808	6.582	9.82789651293588	4.1822272215973	9.47460317460317	5.22380952380952	8.66101694915254	3.24388032638259	28.7631578947368	14.4342105263158	11.3057644110276	24.7707182320442
GSM8461176_208066090053_R03C01	0.9986	10.425	9.864	4.37865541151643	133.214285714286	60.1687041564792	51.205047318612	30.6600790513834	1.69790295691849	1.97179930795848	13.2151394422311	10.8754098360656	15.9328621908127	11.7208480565371	10.104134762634	5.75650842266462	9.40787119856887	5.93381037567084	5.13636363636364	3.37749546279492	15.35960591133	16.3399014778325	9.84493670886076	16.9907975460123
GSM8461177_208066090053_R04C01	0.9988	10.255	10.264	4.44592547712814	135.87898089172	79.6504854368932	55.3322259136213	32.3931847968545	1.68234707446809	2.01980862850428	12.3171641791045	10.1257668711656	9.60559796437659	8.39949109414758	10.9873417721519	6.80470162748644	5.4923339011925	5.62350936967632	4.68589743589744	2.78757225433526	25.3287037037037	15.2824074074074	8.32865168539326	15.4587912087912
GSM8461178_208066090053_R05C01	0.9987	10.17	9.757	4.56107099879663	129.650306748466	62.9953271028037	51.8888888888889	30.3620488940629	1.69643152155956	1.94692827275651	12.9338521400778	9.60693641618497	13.0555555555556	11.5416666666667	11.1270588235294	9.08	10.2847826086957	7.22608695652174	4.0625	3.37270875763747	17.8064516129032	17.8709677419355	6.61612903225806	15.7384196185286
GSM8461179_208066090053_R06C01	0.999	10.419	10.6	4.40769460184909	128.09375	70.6944444444444	47.5949008498584	30.2344665885111	1.66677564364528	1.99267100977199	13.2529644268775	9.31388888888889	12.2754820936639	9.23691460055096	9.30460624071323	5.72511144130758	8.21769911504425	5.93451327433628	7.528	3.46617647058824	28.7260869565217	14.5782608695652	11.8787878787879	17.925
GSM8461180_208066090053_R07C01	0.9996	11.752	11.602	4.67746686303387	126.433121019108	93.4615384615385	42.5493670886076	31.5706874189364	1.74236465567735	1.98126657824934	11.9122807017544	10.4141104294479	11.4520547945205	4.22789539227895	5.24323062558357	1.76050420168067	6.43840271877655	2.88445199660153	10.6256157635468	4.28661527680448	32.0542857142857	9.7	11.7189952904239	21.3410981697171
GSM8461181_208066090053_R08C01	0.9982	9.901	9.695	4.59110473457676	133.055900621118	90.6433333333333	37.119587628866	30.1955193482688	1.70094641925628	2.12024016432296	15.2850877192982	12.8125	13.2857142857143	11.578073089701	8.43767705382436	5.64022662889518	6.5929203539823	7.71017699115044	3.70344827586207	2.89816700610998	14.8242424242424	21.1212121212121	9.84320557491289	20.8969465648855
GSM8461182_208066090058_R01C01	0.9995	11.398	11.189	3.19888820259419	139.864583333333	103.375	43.6764705882353	31.2581196581197	1.70778145695364	1.90486202365309	19.5060240963855	17.8895027624309	11.6827852998066	6.26305609284333	4.99612903225806	2.31290322580645	6.03052631578947	3.40842105263158	12.4238410596026	4.89775051124744	34.3549783549784	14.017316017316	12.9246753246753	17.7988505747126
GSM8461183_208066090058_R02C01	0.9994	11.431	11.145	3.46090156393744	116.901639344262	101.622857142857	42.8352490421456	35.292220113852	1.66294250564901	1.99249624812406	20.38125	13.7016806722689	10.697247706422	5.98348623853211	5.35230179028133	2.25511508951407	5.5	3.59140969162996	14.8321167883212	4.18738898756661	33.5909090909091	13.4752066115702	14.3383084577114	17.3637961335677
GSM8461184_208066090058_R03C01	0.9995	11.243	11.132	4.09502125075896	114.761904761905	97.656862745098	44.7823129251701	31.8830963665087	1.69023025607919	1.92701637984657	16.0682926829268	11.5985915492958	13.114224137931	7.09913793103448	5.62364031907179	2.63451776649746	8.23734533183352	3.70528683914511	10.1533742331288	4.13926940639269	25.6451612903226	13.2822580645161	9.57826086956522	15.1696750902527
GSM8461185_208066090058_R04C01	0.9994	11.583	10.874	3.8379700397432	100.876623376623	86.3894230769231	47.169741697417	29.9313099041534	1.72623085019296	1.98353050336349	16.774358974359	11.2020547945205	11.96875	6.388671875	5.23562412342216	2.54277699859748	7.03293807641634	4.30961791831357	12.1479289940828	3.64325842696629	26.7015873015873	10.384126984127	11.1145194274029	16.2846153846154
GSM8461186_208066090058_R05C01	0.9997	11.503	11.275	4.01485298575326	111.43137254902	95.6108108108108	45.3311036789298	32.6032608695652	1.68403415846935	1.94798905032638	13.9198312236287	11.6572438162544	11.7551020408163	6.12059369202226	5.16100543478261	2.41304347826087	5.2517911975435	3.37666325486182	12.3715846994536	4.40628272251309	21.3038674033149	9.11325966850829	12.7036247334755	17.0735294117647
GSM8461187_208066090058_R06C01	0.9997	11.629	11.353	4.26161222655079	90.030612244898	107.690607734807	43.5845697329377	34.9184397163121	1.69410193177148	2.00701175500103	15.0315315315315	9.78592375366569	11.2593659942363	4.80835734870317	4.69141414141414	1.8	6.46209386281588	3.01173285198556	10.1830985915493	4.44494382022472	19.148401826484	7.61872146118721	11.4384485666105	15.1676056338028
GSM8461188_208066090058_R07C01	0.9993	11.318	10.89	4.6402530882796	122.083870967742	87.7754237288136	48.7021943573668	35.0256	1.7400732188116	2.04197814836113	18.5418994413408	11.6456140350877	12.6512096774194	6.69153225806452	6.83806818181818	2.57457386363636	6.50646551724138	3.57650862068966	3.07809110629067	3.19585849870578	16.4010989010989	9.11813186813187	12.8202764976959	18.0789473684211
GSM8461189_208066090058_R08C01	0.9993	11.238	11.104	4.44411850982693	107.093406593407	87.248031496063	37.1124694376528	30.3220108695652	1.84928457869634	2.01258532423208	16.2333333333333	12.2625899280576	11.6416938110749	5.55211726384365	5.55749831876261	2.51244115669132	6.38282828282828	3.44343434343434	7.23039215686275	4.99676375404531	27.8006993006993	11.9195804195804	11.9686274509804	17.8824561403509
GSM8461190_208066090092_R01C01	0.9988	11.358	10.769	4.73441320293399	134.853658536585	115.502762430939	49.5625	32.386748844376	1.73738708966733	1.92126984126984	20.1975308641975	13.982905982906	2.14473262888248	1.04771053474224	5.56603773584906	2.15153301886792	2.86246550137994	1.5050597976081	7.02873563218391	3.49935483870968	29.6996699669967	10.7986798679868	12.7257769652651	18.1702127659574
GSM8461191_208066090092_R02C01	0.9951	10.288	10.079	4.63987915407855	109.116666666667	103.940639269406	51.4387096774194	27.5104808877928	1.7120320855615	2.04259967231021	14.2672413793103	12.8294573643411	11.3821782178218	6.55445544554455	5.06521739130435	3.60207939508507	0.47586039158458	0.402529490453606	3.8622754491018	2.48804347826087	12.7445887445887	7.16450216450216	8.07142857142857	9.86516853932584
GSM8461192_208066090092_R03C01	0.9995	11.519	11.093	4.9601677148847	111.461538461538	118.646739130435	46.1710914454277	29.9714285714286	1.70895112575508	2.03615355944838	16.695	11.3571428571429	8.26559356136821	3.35915492957746	4.23607323724192	1.45500584339696	4.67172675521822	2.11195445920304	10.3934426229508	3.02824207492795	18.8104166666667	6.95625	11.1735015772871	14.4802395209581
GSM8461193_208066090092_R04C01	0.9994	11.614	11.28	5.49131216297184	107.366666666667	119.155080213904	49.7840236686391	30.8765432098765	1.68154709700053	1.96789782533656	14.7699115044248	11.5501730103806	10.0591939546599	4.20403022670025	4.67472894078399	1.55504587155963	3.10641110376735	2.20621282220753	10.5527638190955	3.12515114873035	25.9953271028037	7.79906542056075	12.4766666666667	17.1039886039886
GSM8461194_208066090092_R05C01	0.9997	11.961	11.565	5.4483068624513	110.05376344086	143.24358974359	50.3234421364985	35.6859375	1.76672076535406	2.01358789129687	14.9641255605381	10.2361963190184	12.7840755735493	4.50337381916329	4.50791765637371	1.44101346001584	5.19091673675357	2.80656013456686	13.8252427184466	4.30628803245436	28.1653944020356	8.4910941475827	11.8312693498452	16.6582597730139
GSM8461195_208066090092_R06C01	0.998	10.977	10.706	5.49810108092317	119.672222222222	100.060483870968	41.4539007092199	32.6883656509695	1.71197177451688	2.03408905561899	14.3823529411765	9.89306358381503	2.06726618705036	1.23129496402878	3.7070351758794	1.87035175879397	3.40256615878107	2.74498797113071	8.08264462809917	1.88450292397661	24.3838120104439	8.93733681462141	9.37093690248566	6.13258785942492
GSM8461196_208066090092_R07C01	0.9995	11.14	11.637	5.13967971530249	127.705128205128	105.398104265403	44.6182795698925	28.9243027888446	1.73628462791961	2.04441976679622	12.6766917293233	11.5085324232082	9.02045209903122	3.6297093649085	4.57649170031404	1.68371467025572	2.33522727272727	1.59659090909091	3.63670411985019	3.89419544452608	18.2711496746204	7.31453362255965	11.2663622526636	20.8491921005386
GSM8461197_208066090092_R08C01	0.99	10.129	10.291	4.28973034997131	106.936781609195	61.4481865284974	31.0144032921811	24.7082896117524	1.94095858121001	2.17664304910823	19.0491803278689	14.2285714285714	9.43654822335025	5.89847715736041	4.37808988764045	2.22078651685393	5.9453471196455	5.14918759231905	2.43715846994536	2.89830508474576	8.98421052631579	6.11578947368421	12.4376528117359	14.575959933222
GSM8461198_208066090117_R01C01	0.9993	11.266	11.157	3.78258184064237	109.761194029851	121.117647058824	50.7310924369748	31.4113712374582	1.70824974924774	1.95250917992656	19.9876543209877	15.1308411214953	14.2204545454545	7.35909090909091	6.72340425531915	2.46945778997941	5.65006553079948	4.2437745740498	13.6349206349206	4.85884691848907	24.8516129032258	10.4451612903226	13.0117647058824	13.3261494252874
GSM8461199_208066090117_R02C01	0.9991	11.085	11.087	4.37545676004872	103.08125	98.2461538461538	47.0739436619718	30.4204018547141	1.67358244623072	1.99307209352674	19.9030303030303	12.2996254681648	8.48214285714286	4.51098901098901	4.54119253527538	1.65999089667729	3.93155555555556	2.91911111111111	7.13207547169811	2.56690837178642	23.5254237288136	9.27683615819209	11.2751322751323	15.4742424242424
GSM8461200_208066090117_R03C01	0.9997	11.56	11.537	4.51190476190476	105.675159235669	143.574626865672	49.213768115942	29.9171686746988	1.67253299811439	2.0371318822023	15.75	12.4090909090909	8.91100702576112	3.83606557377049	3.71961904761905	1.39580952380952	4.14262560777958	2.6547811993517	11.6052631578947	4.11263537906137	25.5916666666667	9.1	11.9657039711191	14.385101010101
GSM8461201_208066090117_R04C01	0.9982	10.289	11.22	4.68984906777153	103.03125	111.411428571429	41.6253298153034	31.2138554216867	1.68542568542569	1.9600494961994	12.6554307116105	10.4613003095975	14.2322899505766	5.5667215815486	3.94537037037037	1.6962962962963	5.68162983425414	2.3335635359116	4.08	2.88162197514716	6.6787072243346	6.42395437262357	3.69716088328076	23.0635838150289
GSM8461202_208066090117_R05C01	0.9993	11.142	10.871	4.85859491778774	113.589285714286	97.6839378238342	44.0869565217391	29.3802395209581	1.66094100074683	1.99293023255814	14.8666666666667	12.9651162790698	5.78376205787781	2.68890675241158	4.29417206290472	1.69657724329325	4.32969034608379	3.04644808743169	4.015625	2.31997136721546	15.5020408163265	6.8265306122449	12.3091537132988	19.9891774891775
GSM8461203_208066090117_R06C01	0.9997	11.525	11.026	4.88431952662722	89.9609756097561	132.890410958904	41.2736842105263	30.0893118594436	1.69670661507974	1.99754948162111	13.3070866141732	10.8681672025723	6.40664961636829	2.88150042625746	4.70459933617828	1.74632527264106	3.95505617977528	2.37359550561798	5.59622641509434	2.77267373380448	17.6731517509728	6.57587548638132	11.2265023112481	17.8962264150943
GSM8461204_208066090117_R07C01	0.9996	11.592	10.662	5.05058365758755	113.063583815029	102.871921182266	46.9853372434018	26.1437198067633	1.74059517125211	2.04595060310167	16.4581280788177	11.560553633218	10.0714285714286	4.41931216931217	3.98610526315789	1.61178947368421	4.4275420336269	2.67493995196157	4.90416666666667	3.03225806451613	23.650406504065	9.05420054200542	9.70691994572592	19.2058287795993
GSM8461205_208066090117_R08C01	0.9991	11.225	10.23	4.64815344975666	98.7878787878788	103.296943231441	31.5720081135903	25.8932714617169	1.80032616450922	2.22825346354758	17.1225490196078	17.0390243902439	9.05750798722045	5.57987220447284	7.7444996451384	2.74095102909865	2.56262833675565	2.39082819986311	7.35532994923858	3.31306715063521	17.8816705336427	8.10440835266821	11.5192926045016	18.4792899408284
GSM8461206_208066090138_R01C01	0.9946	9.564	9.678	4.71086890705419	119.23125	58.6511056511057	53.4422442244224	28.3921334922527	1.6419271986538	2.00195035460993	14.8116591928251	12.7038461538462	7.91525423728814	18.6610169491525	8.53645833333333	9.99739583333333	7.18696883852691	9.35694050991501	4.20512820512821	3.66044776119403	19.2900763358779	25.2137404580153	4.95652173913043	8.12239583333333
GSM8461207_208066090138_R02C01	0.996	9.422	9.572	4.0470372632865	89.0580357142857	67.8688524590164	58.9197080291971	28.9624060150376	1.67486052998605	2.0041928721174	16.6192893401015	11.4475524475524	11.4537037037037	15.1574074074074	11.3567415730337	10.6685393258427	6.39641943734015	8.37340153452685	4.1864406779661	3.05012531328321	10.7916666666667	22.7361111111111	5.5353982300885	11.4007092198582
GSM8461208_208066090138_R03C01	0.9993	11.018	11.226	4.08667065152421	99.5978835978836	79.702479338843	44.3959537572254	34.7419928825623	1.69034840352952	1.95709453444899	14.8711111111111	11.740350877193	18.3085714285714	9.56	7.70797413793103	3.83836206896552	7.73008130081301	5.44065040650406	9.45989304812834	4.33159947984395	28.9141791044776	12.4850746268657	12.3598130841121	15.6688888888889
GSM8461209_208066090138_R04C01	0.9995	11.64	11.068	4.0908540278619	108.923076923077	67.0844155844156	50.1158940397351	27.9471488178025	1.66558891454965	1.97320452059789	13.701244813278	12.6513409961686	11.608630952381	4.91369047619048	5.54539839407041	2.2970969734404	7.11135857461024	3.67706013363029	12.9453551912568	3.3497375328084	26.7285714285714	9.43428571428571	13.4989898989899	17.0453125
GSM8461210_208066090138_R05C01	0.999	10.73	10.804	4.61177170035672	117.436464088398	85.0254545454546	47.4478021978022	32.2626404494382	1.68639726807057	1.98563125605425	14.9511111111111	11.7212543554007	13.5346062052506	8.02863961813842	9.48987854251012	5.00944669365722	7.54491017964072	5.03592814371257	8.7953216374269	3.22035928143713	31.8068669527897	14.4377682403433	13.9147727272727	16.2797783933518
GSM8461211_208066090138_R06C01	0.9993	11.277	11.248	4.66755872732679	125.465408805031	78.7526132404181	45.8126721763085	32.4720327421555	1.69880234434724	1.87677347361709	13.7827868852459	10.1601208459214	14.9929411764706	7.91294117647059	8.45601617795753	3.77451971688574	9.06590257879656	4.81805157593123	12.2824858757062	4.53507728894174	37.8149606299213	13.240157480315	11.9	15.0978077571669
GSM8461212_208066090138_R07C01	0.9883	8.957	9.382	4.46568047337278	124.780898876404	80.7640449438202	49.25	28.949948927477	1.68864265927978	1.88779321679367	13.9094650205761	10.3680981595092	7.99382716049383	20.8641975308642	8.72934472934473	11.3361823361823	4.23003194888179	10.7987220447284	3.63247863247863	2.43010752688172	9.43604651162791	19.6511627906977	4.69683257918552	7.37458193979933
GSM8461213_208066090138_R08C01	0.9982	10.795	10.485	4.19602106495026	113.773480662983	95.8455284552846	38.6076555023923	30.5250659630607	1.92377171215881	2.11393201846412	21.0987654320988	17.09	17.9041916167665	10.2335329341317	12.0421216848674	5.86271450858034	5.74862385321101	6.27155963302752	7.41871921182266	6.45081967213115	35.1904761904762	14.7965367965368	19.1732522796353	18.3020408163265
GSM8461214_208066090139_R01C01	0.9985	10.969	10.531	4.01951814577615	96.7911392405063	106.25	44.1935483870968	27.0972222222222	1.68293266355699	1.94035739150615	17.6290322580645	12.7587548638132	6.86297376093294	4.7798833819242	4.5919651500484	1.80058083252662	2.00683293474547	1.12025965152033	6.73684210526316	3.62728785357737	13.8012422360248	6.7888198757764	12.1620553359684	12.1469072164948
GSM8461215_208066090139_R02C01	0.9992	11.035	10.725	4.12141549725442	108.066666666667	111.866310160428	46.136690647482	27.3027397260274	1.68265225712034	1.95488556338028	17.3439153439153	14.008547008547	11.4613778705637	6.84342379958246	4.91649694501018	2.53224711473184	2.86013590033975	1.85617214043035	7.53472222222222	3.07084690553746	29.0778210116732	12.7548638132296	10.8449074074074	11.7819971870605
GSM8461216_208066090139_R03C01	0.9977	10.405	10.586	4.80221424296828	107.970760233918	104.07	42.3011695906433	28.524246395806	1.68875938364283	1.99330576885214	15.8388625592417	11.2905405405405	3.51209677419355	2.24596774193548	3.32183908045977	1.66357206012378	5.40572033898305	3.54025423728814	6.59440559440559	3.95696202531646	18.0356083086053	9.91691394658754	9.42468239564428	19.015625
GSM8461217_208066090139_R04C01	0.9995	11.413	11.162	4.69079345850999	104.379518072289	106.271186440678	45.2615894039735	28.6315007429421	1.73221092757306	1.97490589711418	15.1467889908257	10.8618421052632	9.44430051813472	4.27720207253886	1.5657465123182	0.545117245473434	2.88766114180479	2.02701043585021	6.60851063829787	3.19407687460617	23.143216080402	8.2964824120603	10.9331210191083	20.9395085066163
GSM8461218_208066090139_R05C01	0.9992	11.273	10.956	5.01141141141141	98	109.64161849711	44.1424242424242	29.8478964401294	1.72025378233285	2.04043019318861	14.2918454935622	11.6433566433566	9.3448275862069	4.99250374812594	4.79202279202279	2.57692307692308	3.46716541978387	2.76807980049875	8.12972972972973	3.19528949950932	22.4034582132565	9.59654178674351	11.6843137254902	16.6257796257796
GSM8461219_208066090139_R06C01	0.9993	11.304	10.716	5.13287752675386	99.4947368421053	96.3564356435644	41.1593406593407	34.519298245614	1.70205020118797	2.06529481598734	12.8396946564886	11.6401384083045	5.00944138473643	2.64673485444532	4.5804347826087	1.94021739130435	3.6682808716707	2.71509281678773	5.92016806722689	3.2646288209607	20.0224438902743	8.38902743142145	13.1484375	16.959927140255
GSM8461220_208066090139_R07C01	0.9988	10.886	10.93	5.00962941348118	94.9142857142857	101.162436548223	38.5175644028103	29.521676300578	1.68657976179312	2.00885455915599	13.1302681992337	9.28726287262873	9.2	4.45064935064935	5.7083607636603	2.43054641211323	3.12885802469136	2.64429012345679	3.9051724137931	2.78888888888889	16.1274131274131	6.61583011583012	9.83572567783094	13.8457446808511
GSM8461221_208066090139_R08C01	0.998	10.514	10.48	4.67616063799487	103.34554973822	102.963730569948	29.7866927592955	22.6643274853801	1.78620758682815	2.28888888888889	16.9613526570048	15.3991228070175	10.3939393939394	5.91077441077441	6.04128440366972	3.53669724770642	2.28277153558052	3.2874531835206	3.5962441314554	2.87349397590361	18.4695431472081	8.91116751269035	13.2898230088496	15.4648148148148
GSM8461222_208066090142_R01C01	0.9989	11.174	10.367	3.73805147058824	103.325	66.0340557275542	49.9621212121212	30.4574175824176	1.72515212981744	2.03112840466926	20.0245398773006	14.6367713004484	15.2567567567568	11.027027027027	6.15977742448331	2.96343402225755	8.57882352941176	3.84	10.2054794520548	4.4254835039818	15.7175925925926	15.1111111111111	10.3302107728337	19.8646288209607
GSM8461223_208066090142_R02C01	0.9992	11.027	10.747	4.10215384615385	117.033333333333	62.7245508982036	60.072	30.1801925722146	1.72731990865684	1.91797730439976	18.8953488372093	15.2582159624413	7.43679599499374	4.06758448060075	6.65910999160369	3.12930310663308	7.67707082833133	3.9015606242497	6.37912087912088	3.64762826718296	19.2899628252788	12.0817843866171	9.33707865168539	22.0469135802469
GSM8461224_208066090142_R03C01	0.9992	10.897	10.996	4.56125528062764	104.654054054054	79.0909090909091	51.156050955414	31.5921625544267	1.70922312223859	1.9180790960452	18.6179775280899	12.6007604562738	14.5789473684211	7.26754385964912	5.39423076923077	2.36474358974359	3.73056994818653	2.86183074265976	7.88414634146341	3.57635893011217	7.60651629072682	8.30576441102757	7.7837037037037	22.3462414578588
GSM8461225_208066090142_R04C01	0.9995	11.629	11.615	4.05409444112373	95.4033149171271	68.611320754717	41.7341040462428	30.0669710806697	1.69321533923304	1.93714285714286	14.1181434599156	11.740350877193	13.7705779334501	5.85989492119089	5.6320987654321	2.25740740740741	5.69047619047619	3.31944444444444	11.8078431372549	4.08766928011404	25.9657142857143	9.56	10.1679049034175	15.8935185185185
GSM8461226_208066090142_R05C01	0.9994	11.653	11.108	4.34088875633761	117.384105960265	82.0043668122271	42.1813031161473	27.2232876712329	1.6569899930645	1.96056721056721	18.4230769230769	12.8467432950192	14.7912713472486	6.36242884250474	5.68727272727273	2.26060606060606	9.16337285902503	4.41765480895916	13.3785310734463	4.75787401574803	28.4527027027027	11.3277027027027	10.7376237623762	14.4917293233083
GSM8461227_208066090142_R06C01	0.9996	11.42	11.486	4.53657817109145	108.555555555556	74.8489795918367	42.0230769230769	34.3204903677758	1.7104285584851	2.03597122302158	13.399209486166	11.2624584717608	13.1688102893891	5.45016077170418	4.32282471626734	2.2515762925599	4.16028146989836	2.6505082095387	12.0533980582524	3.8647936786655	18.3648351648352	7.45054945054945	10.9257575757576	13.6274787535411
GSM8461228_208066090142_R07C01	0.9993	11.817	11.452	4.74128765505021	87.2882882882883	67.8243243243243	44.0880829015544	31.7874617737003	1.70640503517216	2.01229279195381	15.7488372093023	11.2491694352159	9.77456647398844	3.91445086705202	5.35140997830803	1.98156182212581	5.2009702009702	2.34650034650035	11.1617021276596	3.9	18.4300202839757	6.86815415821501	11.4591549295775	19.5219512195122
GSM8461229_208066090160_R01C01	0.9935	9.264	9.042	4.81873664937443	132.445255474453	80.6865671641791	51.8050541516245	29.8090040927694	1.82383640430291	1.95848977889028	19.8606060606061	12.9015748031496	6.52197802197802	18.0054945054945	5.48593350383632	9.54731457800512	6.04207920792079	8.11138613861386	1.84	1.76104417670683	12.4586466165414	24.6390977443609	4.81545064377682	11.4133333333333
GSM8461230_208066090160_R02C01	0.997	9.217	9.301	4.85009196811772	145.322834645669	95.5622317596567	55.1068702290076	29.6293222683264	1.77820247933884	2.05258693808312	20.2608695652174	12.692607003891	11.4285714285714	17.9230769230769	8.61111111111111	8.99275362318841	7.44744744744745	9.7957957957958	2.65384615384615	2.13559322033898	14.3467741935484	26.3064516129032	6.24015748031496	16.6186046511628
GSM8461231_208066090160_R03C01	0.9991	10.84	10.107	5.14986293024673	110.595238095238	78.8122448979592	52.4275618374558	30.3180473372781	1.79181585677749	1.96878147029204	15.5592417061611	11.9381818181818	15.8141025641026	10.5224358974359	7.3481308411215	4.29439252336449	6.80952380952381	4.59803921568627	5.73291925465838	3.09342560553633	22.8733624454148	14.3362445414847	11.1357702349869	18.5376044568245
GSM8461232_208066090160_R04C01	0.9995	10.842	10.734	5.15216741405082	124.490066225166	82.3196721311475	45.3420289855072	31.9655172413793	1.65310059715204	2.09689847813523	15.1357466063348	10.1363636363636	11.139846743295	6.40804597701149	6.33054393305439	3.06861924686192	6.30601792573624	4.28297055057618	5.69950738916256	2.59285091543156	22.1566666666667	11.15	10.7667436489607	20.6791443850267
GSM8461233_208066090160_R05C01	0.9991	10.721	10.45	5.4094982078853	128.104575163399	80.8285714285714	46.6954022988506	31.9763779527559	1.6508537229361	2.07600950118765	14.7488986784141	10.9770491803279	8.83304647160069	5.76247848537005	8.14189944134078	4.06145251396648	4.72239747634069	3.5205047318612	5.8659217877095	2.7469387755102	22.2640845070423	11.7887323943662	12.0344827586207	19.3962765957447
GSM8461234_208066090160_R06C01	0.9998	12.117	11.055	5.18122594018359	118.773006134969	107.043956043956	42.5119363395225	29.5905743740795	1.75970218706375	1.99832620420309	13.0891472868217	10.1411411411411	13.8728813559322	5.72372881355932	4.658434491419	1.53997488488907	4.37518037518038	2.43650793650794	13.348	4.46594005449591	21.0486111111111	7.81712962962963	8.61297798377752	26.6303501945525
GSM8461235_208066090160_R07C01	0.9987	10.796	10.269	5.43249630723781	117.926966292135	76.80276816609	46.2987012987013	30.9459815546772	1.70310402684564	2.0036981005211	14.3432203389831	10.2887537993921	8.68421052631579	5.93859649122807	7.01107011070111	3.46771217712177	6.49943883277217	3.79910213243547	8.13422818791946	2.69836956521739	26.9736842105263	11.1348684210526	12.6425120772947	11.5620328849028
GSM8461236_208066090160_R08C01	0.9902	9.05	9.006	5.78908770900557	165.822695035461	67.5014245014245	46.3643031784841	26.3206018518519	1.8035390199637	2.2280630812778	17.5721649484536	16.311004784689	4.73633440514469	10.9614147909968	5.70238095238095	11.5	3.96438356164384	9.33972602739726	2.18253968253968	2.02292263610315	8.58895705521472	20.9141104294479	6.26903553299492	8.53531598513011
GSM8461237_208066090167_R01C01	0.9993	11.275	11.127	3.80564937058643	103.428571428571	84.519313304721	48.7120622568093	30.0151285930408	1.64247069431921	2.00406595888864	18.2977528089888	14.8045454545455	7.71122994652406	4.35427807486631	3.9047619047619	1.74333333333333	6.62656072644722	3.69693530079455	9.73684210526316	3.95992366412214	30.3688212927757	12.384030418251	13.5486935866983	12.3648068669528
GSM8461238_208066090167_R02C01	0.9995	11.521	11.182	3.61952861952862	101.722580645161	88.4766355140187	45.9737827715356	33.1212653778559	1.68939937784159	1.9693685202639	18.15	13.6694560669456	10.543956043956	4.48763736263736	4.83136246786632	1.83496143958869	4.58955223880597	2.21641791044776	8.72222222222222	3.15946843853821	21.3324607329843	8.55235602094241	10.4886561954625	17.4362204724409
GSM8461239_208066090167_R03C01	0.9989	11.109	10.762	4.26101288582559	113.123529411765	71.9769736842105	46.9050445103858	29.1668965517241	1.69091929299542	1.97762160162752	15.1681818181818	10.6955128205128	10.2290076335878	6.36832061068702	8.07281553398058	4.52063106796117	5.55629139072848	3.68322295805739	7.09826589595376	3.07414448669202	18.5575539568345	12.0035971223022	6.44876325088339	11.9146706586826
GSM8461240_208066090167_R04C01	0.9996	11.54	11.267	4.44595392793857	96.6284153005465	78.1701244813278	36.139896373057	30.8038897893031	1.66086778550962	2.02151427389326	13.278431372549	11.5170068027211	11.7165861513688	5.4524959742351	4.04207436399217	1.76956947162427	4.91889632107023	2.83110367892977	8.70943396226415	3.76729048006509	23.0132625994695	8.9814323607427	10.7841483979764	15.1175468483816
GSM8461241_208066090167_R05C01	0.9993	11.361	10.674	4.32368735083532	104.540540540541	62.9693251533742	42.9857954545455	32.981072555205	1.71107050110609	2.05474308300395	16.8442211055276	10.8478964401294	5.95848161328588	3.97627520759193	6.25902668759812	2.85243328100471	8.80989876265467	3.77052868391451	9.41111111111111	3.17356115107914	14.5172413793103	10.5078369905956	7.28014184397163	20.8068965517241
GSM8461242_208066090167_R06C01	0.9992	11.391	10.605	4.65690624075717	116.703488372093	71.9440789473684	43.5354330708661	27.5899371069182	1.74761330985263	2.0257228689448	13.2588235294118	9.9149560117302	9.69559412550067	4.51401869158879	7.96869409660107	3.39445438282648	5.86155285313377	3.16276894293732	8.24365482233503	2.93072078376487	12.8630952380952	6.70833333333333	8.37269938650307	8.45499505440158
GSM8461243_208066090167_R07C01	0.9995	11.429	11.416	4.64640718562874	112.790055248619	76.2	47.5058823529412	28.0787401574803	1.77178261293785	1.90431066518023	14.1525423728814	10.3726708074534	9.92287581699346	4.36601307189542	4.53177570093458	1.75794392523364	5.91761363636364	3.16287878787879	8.48221343873518	3.3671928620453	19.4613636363636	7.59090909090909	11.818339100346	15.7308319738989
GSM8461244_208066090167_R08C01	0.9991	10.949	10.936	4.52617647058824	126.223602484472	79.54	38.74	28.0672268907563	1.8213141025641	2.17991266375546	21.656050955414	15.1785714285714	9.33584337349398	5.12048192771084	6.90063810391978	3.49407474931632	6.9520697167756	3.7037037037037	5.8894472361809	4.36405529953917	22.6407766990291	11.0032362459547	10.252380952381	19.49203187251
GSM8461245_208125020010_R01C01	0.9992	11.531	10.908	4.31077981651376	49.2004608294931	61.0901408450704	36.8995901639344	35.9409020217729	1.62311519326445	1.91008771929825	9.99426934097421	7.66593406593407	12.1910714285714	6.22857142857143	7.98259355961706	3.17058311575283	6.40891840607211	3.30929791271347	10.52	3.77000919963201	15.958932238193	7.16221765913758	13.2478184991274	14.1719939117199
GSM8461246_208125020010_R02C01	0.9994	11.255	10.893	4.89337094499295	48.4540441176471	48.1416837782341	42.0532110091743	29.6658476658477	1.62741162760585	1.89777613957489	7.82560706401766	6.02891156462585	9.21812080536913	5.94798657718121	8.67123287671233	5.80517503805175	7.16981132075472	4.77762803234501	5.33217993079585	3.80895008605852	15.9105882352941	8.34117647058824	8.59831932773109	11.5892857142857
GSM8461247_208125020010_R03C01	0.9988	11.242	10.612	5.68804824561404	102.010791366906	40.1847328244275	38.0632716049383	32.6691086691087	1.6431484502447	1.88760585065435	7.44489795918367	5.82747603833866	9.19181946403385	5.14527503526093	8.48156182212581	4.14208242950108	4.76255230125523	3.81589958158996	4.59315589353612	3.12072243346008	11.4875	9.12	7.1173104434907	14.5541516245487
GSM8461248_208125020010_R04C01	0.9992	11.437	10.256	5.1004048582996	103.776556776557	46.3211805555556	32.486524822695	33.0948275862069	1.62424205304098	1.86957517462499	8.57638888888889	5.78003120124805	11.8966165413534	6.96428571428571	7.27220630372493	3.64087870105062	5.4859228362878	3.86339937434828	5.9625	3.62471395881007	9.93103448275862	8.51724137931035	9.2259083728278	14.1996336996337
GSM8461249_208125020010_R05C01	0.9994	11.514	11.052	4.8416181914331	93.4336569579288	49.4918699186992	30.5664961636829	25.9281314168378	1.61947656725502	1.99635479951397	8.09850107066381	4.77525252525253	11.9680672268908	6.3563025210084	8.2323600973236	4.8345498783455	4.65866084425036	2.75254730713246	5.46875	4.20969855832241	13.6584938704028	6.62346760070053	8.87042253521127	9.54701986754967
GSM8461250_208125020010_R06C01	0.9974	10.505	10.213	5.07190265486726	131.951690821256	46.6447368421053	40.8181818181818	28.6292026897214	1.6297619047619	1.92682647092556	7.80993520518359	5.82286634460548	7.26794258373206	8.65071770334928	8.9038112522686	7.33393829401089	3.51037851037851	4.41514041514042	4.12	2.69230769230769	9.41052631578947	9.51578947368421	4.95495495495495	8.52941176470588
GSM8461251_208125020010_R07C01	0.999	11.272	11.107	4.98365567965132	112.02024291498	48.4616858237548	33.8375558867362	28.2434881087203	1.74007884362681	1.92755825734549	7.74472573839662	5.54531722054381	5.97969991173875	3.24007060900265	8.37464522232734	3.67360454115421	5.74006359300477	2.9181240063593	6.31734317343173	3.15739769150052	17.5099337748344	8.1037527593819	11.1470137825421	12.1372549019608
GSM8461252_208125020010_R08C01	0.9991	11.525	10.909	4.26812159002338	106.991967871486	41.2322033898305	25.7526501766784	26.690380761523	1.79677014969398	2.0438583270535	11.489552238806	8.36739130434783	10.4808362369338	4.47038327526132	6.32311320754717	2.35731132075472	6.49299719887955	3.59383753501401	5.2	4.37129300118624	19.7457627118644	9.31961259079903	11.2116689280868	15.1188118811881
GSM8461253_208125020026_R01C01	0.993	9.224	9.16	2.22430437251562	168.208333333333	62.9936034115139	44.5402298850575	33.2178533475027	1.67317399501308	1.96639559913896	9.70247933884298	6.82558139534884	5.91625615763547	17.3497536945813	6.12280701754386	13.8280701754386	3.58448753462604	9.75623268698061	2.13868613138686	1.59485530546624	12.3860759493671	22.2911392405063	5.68279569892473	7.05357142857143
GSM8461254_208125020026_R02C01	0.9953	9.562	9.283	3.22627737226277	151.036842105263	62.5702647657841	42.5035587188612	29.5209523809524	1.68905092320358	1.92964938159537	8.77339901477833	6.03728813559322	10.280701754386	15.6228070175439	9.18181818181818	10.5194805194805	3.04260651629073	8.92731829573935	2.22598870056497	2.17268041237113	8.09478672985782	16.8815165876777	4.87692307692308	9.95695364238411
GSM8461255_208125020026_R03C01	0.9995	11.513	11.069	4.27841530054645	99.0213523131673	62.3995215311005	36.8166666666667	27.5019267822736	1.709319346182	1.81431891114308	7.32	5.97063621533442	10.7337423312883	4.49079754601227	7.20953757225434	2.91763005780347	5.22606120434353	3.61303060217177	5.14857142857143	3.34854771784232	18.4683026584867	7.48466257668712	11.2528571428571	15.9706362153344
GSM8461256_208125020026_R04C01	0.9979	9.549	9.941	3.61768082663605	151.811111111111	68.7746478873239	45.2933884297521	32.3566214807091	1.64514742014742	1.90632318501171	9.70473537604457	6.68714011516315	10.940074906367	13.0486891385768	6.49464285714286	7.06964285714286	6.40796963946869	6.61100569259962	2.04385964912281	2.44655581947743	12.868778280543	15.7647058823529	5.81212121212121	9.95412844036697
GSM8461257_208125020026_R05C01	0.9986	10.591	10.201	3.6495605330309	150.302197802198	60.1296703296703	44.7741935483871	28.1767531219981	1.65021950163853	1.89823943661972	9.23298429319372	6.43613138686131	9.19088937093276	7.65075921908894	9.25578034682081	5.83959537572254	6.4609375	5.5109375	4.66489361702128	2.96317280453258	18.4092409240924	11.6402640264026	10.2596566523605	14.4876237623762
GSM8461258_208125020026_R06C01	0.9986	10.424	10.107	4.5613984397573	144.048387096774	66.4383886255924	46.644251626898	30.3555070883315	1.65075810888619	1.87063188128291	10.3933933933934	6.63026819923372	9.22526315789474	7.28631578947368	9.24167872648336	5.66859623733719	4.32601880877743	5.42476489028213	3.93220338983051	2.4569696969697	11.8430769230769	10.6492307692308	9.23617021276596	15.092039800995
GSM8461259_208125020026_R07C01	0.9985	10.605	10.308	3.60919872722013	164.038461538462	77.572625698324	51.0481400437637	27.5857142857143	1.74518686296716	1.91637942040087	8.55693069306931	6.751953125	7.82095238095238	6.5847619047619	10.9343065693431	4.92700729927007	5.67987152034261	3.70128479657388	4.84761904761905	3.00329489291598	13.9487179487179	11.0801282051282	11.7642276422764	14.9590163934426
GSM8461260_208125020026_R08C01	0.9944	9.437	9.369	2.99294980259447	143.331395348837	80.9775641025641	33.5732600732601	28.0273109243697	1.76980158090015	2.55628865979381	18.46875	17.4679802955665	13.9039301310044	15.4847161572052	11.1535181236674	8.42643923240938	5.48367952522255	10.5222551928783	2.52980132450331	3.09116809116809	13.7386934673367	17.8190954773869	10.3965517241379	13.6970802919708
GSM8461261_208125020074_R01C01	0.9982	10.606	9.92	5.37737503653902	135.565714285714	55.6650485436893	46.313539192399	34.1191489361702	1.70606417427142	1.96103333814403	12.812734082397	9.12266666666667	12.0895953757225	9.88728323699422	9.28158844765343	6.68772563176895	5.49684542586751	5.39589905362776	3.84864864864865	2.64166666666667	18.6623931623932	14.6196581196581	10.3121693121693	15.5695538057743
GSM8461262_208125020074_R02C01	0.9995	11.75	10.837	3.53905325443787	123.692307692308	84.1606425702811	45.7973684210526	32.4196018376723	1.66889053619965	1.84205735093309	13.050193050193	9.08602150537634	14.3547237076649	6.02495543672014	6.05914343983685	2.48334466349422	6.20537897310513	4.1320293398533	6.37229437229437	4.21735159817352	22.2050632911392	8.55696202531646	12.6046128500824	23.0818181818182
GSM8461263_208125020074_R03C01	0.9989	10.379	9.911	3.85024432308135	162.847133757962	64.4418604651163	44.544885177453	32.7047738693467	1.6257237655325	1.89228117690508	10.3850746268657	7.30882352941176	9.09433962264151	7.29350104821803	9.07357357357357	5.6996996996997	4.02197802197802	4.77884615384615	3.75308641975309	3.35294117647059	17.5804878048781	16.9707317073171	10.9217171717172	15.3618233618234
GSM8461264_208125020074_R04C01	0.9987	10.655	9.644	4.05919540229885	136.815642458101	62.4854368932039	44.8625	33.1980319803198	1.62236798950476	1.97704577875762	9.23076923076923	6.4804469273743	10.9166666666667	9.35483870967742	8.96302521008403	6.40840336134454	5.68167701863354	5.40372670807453	2.88947368421053	2.12321660181582	10.6409395973154	11.6778523489933	8.60520094562648	19.1895424836601
GSM8461265_208125020074_R05C01	0.9994	11.775	11.048	4.08958214081282	94.3453815261044	70.08125	38.6720647773279	32.8976157082749	1.66624944779856	1.88481820704968	9.31733333333333	7.26403326403326	11.2314939434724	4.70255720053836	5.63125351320967	2.08712759977515	4.86216216216216	3.14774774774775	7.32129963898917	3.8559256390395	23.378896882494	8.378896882494	14.64586846543	17.6325088339223
GSM8461266_208125020074_R06C01	0.9994	11.628	10.873	3.49551634365056	130.176795580111	82.4208633093525	43.5864332603939	31.0554821664465	1.64128453232366	1.88675750760683	10.6042944785276	7.27789473684211	11.9880059970015	5.18290854572714	6.84943820224719	2.81423220973783	4.62834489593657	3.42616451932607	9.36842105263158	3.13518197573657	23.6464891041162	8.37046004842615	14.7335766423358	18.021359223301
GSM8461267_208125020074_R07C01	0.9991	11.254	11.278	3.75397275822928	153.271084337349	81.0887372013652	40.5324427480916	30.3542168674699	1.61828501925806	1.91746566467997	9.68131868131868	7.09054325955734	10.9388059701493	5.25970149253731	9.79677419354839	4.11827956989247	4.04541406945681	3.1380231522707	7.53266331658291	3.07777777777778	23.4838709677419	8.74441687344913	13.0166051660517	20.4941995359629
GSM8461268_208125020074_R08C01	0.9978	10.356	9.825	4.15661317100166	136.481865284974	53.8376963350785	35.242671009772	26.2180376610505	1.64836332248855	2.11501193652577	11.9668874172185	8.34642032332563	9.83689839572192	9.66310160427808	8.48282442748092	7.65076335877863	7.86086956521739	6.28521739130435	3.32	2.32337434094903	19.405737704918	14.8114754098361	9.77595628415301	15.9267515923567
GSM8461269_208126070080_R01C01	0.9972	9.723	9.375	4.04347826086957	161.764285714286	90.8796992481203	50.3595800524934	32.0559895833333	1.66163996229972	1.94926512153759	14.2658227848101	9.55084745762712	14.9259259259259	17.8888888888889	10.526582278481	9.53924050632911	4.6241610738255	7.56375838926174	4.12380952380952	2.40877598152425	16.9285714285714	20.125	9.30604982206406	15.7112068965517
GSM8461270_208126070080_R02C01	0.9977	9.982	9.394	3.47877708518848	163.054794520548	104.431451612903	51.9051490514905	33.8188976377953	1.67868038311458	1.96665271382726	14.5215517241379	9.79360465116279	12.0792452830189	12.7132075471698	13.816091954023	10.8103448275862	7.12676056338028	7.90845070422535	5.30833333333333	2.32	22.1597222222222	23.3958333333333	10.1837455830389	16.8603603603604
GSM8461271_208126070080_R03C01	0.995	9.315	8.543	4.36700236966825	152.854304635762	73.7094017094017	52.5957446808511	35.5401554404145	1.6932850653038	1.85833003561535	11.6413793103448	10.5171339563863	8.1421568627451	16.5490196078431	9.78095238095238	11.9746031746032	6.56849315068493	11.5616438356164	3.24271844660194	1.93154761904762	8.07333333333333	22.5066666666667	5.17842323651452	10.9369369369369
GSM8461272_208126070080_R04C01	0.9993	11.556	10.882	3.7856093979442	122.481481481481	91.4311111111111	42.0740740740741	32.6135693215339	1.62729595911196	1.9648517181861	12.9961832061069	9.3543956043956	11.778102189781	4.97080291970803	5.54468911917098	2.38212435233161	4.03281853281853	3.28667953667954	8.70388349514563	3.98710232158212	24.6515580736544	9.64589235127479	12.2710743801653	19.8494845360825
GSM8461273_208126070080_R05C01	0.9989	10.757	10.276	4.05101739899735	140.207792207792	82.9802631578947	48.5831202046036	30.6728167281673	1.64207221350079	2.01495327102804	12.6529850746269	8.9946949602122	9.38045738045738	7.04989604989605	7.54756097560976	4.65	6.36148648648649	5.72804054054054	6.54437869822485	2.8744769874477	23.5984848484848	12.844696969697	11.0821529745042	15.8868421052632
GSM8461274_208126070080_R06C01	0.9985	10.197	10.122	3.45451895043732	139.915662650602	99.6061776061776	47.6581395348837	30.5627283800244	1.61612924761333	1.98977151965994	11.3953488372093	8.61809045226131	12.5765765765766	10.3003003003003	10.6479166666667	7.96041666666667	6.35599284436494	6.13595706618962	6.62790697674419	3.13939393939394	20.219512195122	13.9430894308943	10.284289276808	19.6730769230769
GSM8461275_208126070080_R07C01	0.9977	9.823	9.713	3.74339401056958	155.735099337748	95.8896551724138	47.1871921182266	31.7043378995434	1.72557311373247	1.8849112012306	12.1209964412811	9.28065395095368	10.7873563218391	9.78735632183908	10.094674556213	7.64497041420118	6.26773455377574	7.79405034324943	4.60683760683761	2.6135831381733	17.6424581005587	19.0279329608939	7.46246246246246	18.4708520179372
GSM8461276_208126070080_R08C01	0.9981	10.625	10.131	2.92698412698413	137.221518987342	120.773869346734	36.2193548387097	32.7520891364902	1.89713289422704	2.06314948041567	20.3823529411765	17.4120603015075	14.0675381263617	7.54901960784314	9.17559153175591	4.63013698630137	3.05646359583952	5.14858841010401	5.11949685534591	3.85747663551402	22.8303249097473	12.5090252707581	18.5299145299145	20.1657458563536
GSM8461277_208126070115_R01C01	0.9985	10.453	9.741	3.32290099307854	157.144827586207	85.9157509157509	56.8142414860681	39.9081632653061	1.69838227401671	1.99923359901901	14.8348214285714	10.788961038961	11.4836956521739	9.02989130434783	9.67673716012085	5.41993957703928	7.22972972972973	5.61317567567568	6.14423076923077	3.16912972085386	20.8223350253807	16.8680203045685	11.96875	21.4393305439331
GSM8461278_208126070115_R02C01	0.999	10.903	10.234	4.17402905425437	146.93125	95.0282258064516	50.9571045576408	34.5533834586466	1.64738805970149	1.98123400625533	12.6804511278195	9.8625730994152	15.229381443299	8.69329896907217	10.9469453376206	5.89228295819936	5.41801075268817	4.53360215053763	8.2551724137931	3.30177514792899	25.6655172413793	11.6310344827586	13.8056206088993	22.3312693498452
GSM8461279_208126070115_R03C01	0.9986	10.122	9.662	3.7580452920143	159.067567567568	104.316017316017	56.8230337078652	35.9145658263305	1.66114623419461	1.94571466773633	13.0583657587549	9.40056022408964	11.0371747211896	12.4758364312268	10.1487603305785	10.2314049586777	7.1520618556701	8.64948453608247	5.36842105263158	3.13351498637602	25.2635135135135	22.6756756756757	7.44160583941606	12.4270072992701
GSM8461280_208126070115_R06C01	0.9972	9.488	9.439	3.7969023962595	169.928057553957	97.8509090909091	46.6421800947867	34.9251412429379	1.6669126526231	1.94798745426032	11.679180887372	8.95811518324607	11.8401639344262	14.0245901639344	7.34939759036145	8.93493975903614	5.37121212121212	8.64141414141414	4.40983606557377	2.51554404145078	14.1967213114754	18.6994535519126	6.65098039215686	15.7073170731707
GSM8461281_208126070115_R07C01	0.9932	8.7	8.969	3.05774278215223	132.925925925926	91.6328671328671	41.990675990676	32.2250970245796	1.62874024695099	1.98094237695078	12.8426966292135	10.2358208955224	2.56632653061224	17.4948979591837	6.65594855305466	12.1318327974277	4.43157894736842	12.0315789473684	2.32885906040268	2.87058823529412	11.624	27.432	4.66009852216749	5.8695652173913
GSM8461282_208126070115_R08C01	0.9987	10.223	9.941	2.36775674125072	185.330882352941	118.483412322275	35.7839506172839	40.4728546409807	2.15016216216216	2.01086956521739	21.1272727272727	13.8884462151394	12.5552325581395	10.1337209302326	10.3444444444444	6.61296296296296	7.09142857142857	9.96	6.77564102564103	4.23209169054441	25.219387755102	17.7857142857143	14.6571428571429	18.1744186046512
